id,firstName,lastName,pos_F,pos_D,pos_G,hand_R,hand_L
8474641,Adam,Henrique,1,0,0,0,1
8477527,Ross,Johnston,1,0,0,0,1
8478366,Frank,Vatrano,1,0,0,0,1
8477462,Robert,Hagg,0,0,0,0,1
8477951,Nick,Schmaltz,1,0,0,1,0
8482655,J.J.,Moser,0,0,0,0,1
8479976,Juuso,Valimaki,0,0,0,0,1
8478498,Jake,DeBrusk,1,0,0,0,1
8478401,Pavel,Zacha,1,0,0,0,1
8476878,Zemgus,Girgensons,1,0,0,0,1
8478109,Victor,Olofsson,1,0,0,0,1
8479420,Tage,Thompson,1,0,0,1,0
8482671,Owen,Power,0,0,0,0,1
8478047,Michael,Bunting,1,0,0,0,1
8470613,Brent,Burns,0,0,0,1,0
8475200,Dmitry,Orlov,0,0,0,0,1
8476432,Boone,Jenner,1,0,0,0,1
8480893,Kirill,Marchenko,1,0,0,1,0
8482705,Cole,Sillinger,1,0,0,0,1
8476456,Jonathan,Huberdeau,1,0,0,0,1
8481028,Martin,Pospisil,1,0,0,0,1
8481068,Yegor,Sharangovich,1,0,0,0,1
8480084,Nick,DeSimone,0,0,0,1,0
8475791,Taylor,Hall,1,0,0,0,1
8480798,Philipp,Kurashev,1,0,0,0,1
8479390,Taylor,Raddysh,1,0,0,1,0
8482117,Lukas,Reichel,1,0,0,0,1
8477482,Zach,Sanford,1,0,0,0,1
8479525,Ross,Colton,1,0,0,0,1
8478028,Fredrik,Olofsson,1,0,0,0,1
8478452,Caleb,Jones,0,0,0,0,1
8484258,Sam,Malinski,0,0,0,1,0
8481020,Justus,Annunen,0,0,1,0,1
8479992,Michael,Rasmussen,1,0,0,0,1
8482078,Lucas,Raymond,1,0,0,1,0
8473507,Jeff,Petry,0,0,0,1,0
8479312,Alex,Lyon,0,0,1,0,1
8477015,Connor,Brown,1,0,0,1,0
8475786,Zach,Hyman,1,0,0,1,0
8475218,Mattias,Ekholm,0,0,0,0,1
8475171,Oliver,Ekman-Larsson,0,0,0,0,1
8478042,Viktor,Arvidsson,1,0,0,1,0
8482730,Brandt,Clarke,0,0,0,1,0
8477831,Pheonix,Copley,0,0,1,0,1
8478493,Joel,Eriksson Ek,1,0,0,0,1
8475220,Marcus,Foligno,1,0,0,0,1
8482079,Marco,Rossi,1,0,0,0,1
8482122,Brock,Faber,0,0,0,1,0
8471274,Alex,Goligoski,0,0,0,0,1
8482094,Daemon,Hunt,0,0,0,0,1
8481618,Alex,Newhook,1,0,0,0,1
8483515,Juraj,Slafkovsky,1,0,0,0,1
8478477,Mitchell,Stephens,1,0,0,1,0
8482111,Justin,Barron,0,0,0,1,0
8481593,Jayden,Struble,0,0,0,0,1
8476292,Ondrej,Palat,1,0,0,0,1
8476919,Chris,Tierney,1,0,0,0,1
8478399,Jonas,Siegenthaler,0,0,0,0,1
8482146,Luke,Evangelista,1,0,0,1,0
8475158,Ryan,O'Reilly,1,0,0,0,1
8473504,Cal,Clutterbuck,1,0,0,1,0
8475151,Kyle,Palmieri,1,0,0,1,0
8481014,Alexander,Romanov,0,0,0,0,1
8481554,Kaapo,Kakko,1,0,0,0,1
8482109,Alexis,Lafrenière,1,0,0,0,1
8476979,Erik,Gustafsson,0,0,0,0,1
8478078,Rourke,Chartier,1,0,0,0,1
8480064,Josh,Norris,1,0,0,0,1
8480073,Erik,Brannstrom,0,0,0,0,1
8482105,Jake,Sanderson,0,0,0,0,1
8475235,Nicolas,Deslauriers,1,0,0,0,1
8482159,Tyson,Foerster,1,0,0,1,0
8480028,Morgan,Frost,1,0,0,0,1
8482142,Jamie,Drysdale,0,0,0,1,0
8477499,Rasmus,Ristolainen,0,0,0,1,0
8478424,Jansen,Harkins,1,0,0,0,1
8480058,Pierre-Olivier,Joseph,0,0,0,0,1
8475193,Tomas,Tatar,1,0,0,0,1
8480009,Eeli,Tolvanen,1,0,0,0,1
8477505,Alex,Wennberg,1,0,0,0,1
8477473,Justin,Bailey,1,0,0,1,0
8479316,Luke,Kunin,1,0,0,1,0
8481537,Nikita,Okhotiuk,0,0,0,0,1
8478406,Mackenzie,Blackwood,0,0,1,0,1
8477953,Kasperi,Kapanen,1,0,0,1,0
8480281,Alexey,Toropchenko,1,0,0,0,1
8475753,Justin,Faulk,0,0,0,1,0
8476892,Colton,Parayko,0,0,0,1,0
8478519,Anthony,Cirelli,1,0,0,0,1
8478416,Erik,Cernak,0,0,0,1,0
8478178,Darren,Raddysh,0,0,0,1,0
8476883,Andrei,Vasilevskiy,0,0,1,0,1
8477503,Max,Domi,1,0,0,0,1
8482496,Nils,Aman,1,0,0,0,1
8478444,Brock,Boeser,1,0,0,1,0
8481624,Ilya,Mikheyev,1,0,0,0,1
8479425,Filip,Hronek,0,0,0,1,0
8477359,Tucker,Poolman,0,0,0,1,0
8479353,Brett,Howden,1,0,0,0,1
8476448,William,Karlsson,1,0,0,0,1
8478462,Nicolas,Roy,1,0,0,1,0
8479980,Nicolas,Hague,0,0,0,0,1
8481527,Kaedan,Korczak,0,0,0,1,0
8480238,Jiri,Patera,0,0,1,0,1
8480113,Alex,Iafallo,1,0,0,0,1
8479536,Axel,Jonsson-Fjallby,1,0,0,0,1
8480845,Rasmus,Kupari,1,0,0,1,0
8476480,Vladislav,Namestnikov,1,0,0,0,1
8476952,Dominic,Toninato,1,0,0,0,1
8480014,Gabriel,Vilardi,1,0,0,1,0
8479359,Beck,Malenstyn,1,0,0,0,1
8481580,Connor,McMichael,1,0,0,0,1
8477947,Sonny,Milano,1,0,0,0,1
8471214,Alex,Ovechkin,1,0,0,1,0
8478451,Ethan,Bear,0,0,0,1,0
8477520,Jean-Sebastien,Dea,1,0,0,1,0
8483597,Milos,Kelemen,1,0,0,0,1
8479252,Dan,Renouf,0,0,0,0,1
8479320,Max,Lajoie,0,0,0,0,1
8480292,Carson,Meyer,1,0,0,1,0
8478967,Lane,Pederson,1,0,0,1,0
8476903,Jon,Gillies,0,0,1,0,1
8482679,Matt,Coronato,1,0,0,1,0
8476915,Jujhar,Khaira,1,0,0,0,1
8483619,Filip,Roos,0,0,0,0,1
8477320,Anton,Blidh,1,0,0,0,1
8479573,Mikhail,Maltsev,1,0,0,0,1
8480226,Marián,Studenic,1,0,0,0,1
8474218,Jason,Demers,0,0,0,1,0
8474610,Zac,Dalpe,1,0,0,1,0
8480072,Lias,Andersson,1,0,0,0,1
8481532,Alex,Turcotte,1,0,0,0,1
8479329,Frederic,Allard,0,0,0,1,0
8482964,Arber,Xhekaj,0,0,0,0,1
8481740,Tyce,Thompson,1,0,0,1,0
8484256,Jake,Livingstone,0,0,0,1,0
8479526,Otto,Koivula,1,0,0,0,1
8470610,Zach,Parise,1,0,0,0,1
8481102,Egor,Sokolov,1,0,0,1,0
8478173,Hayden,Hodgson,1,0,0,1,0
8479550,Tanner,Laczynski,1,0,0,1,0
8481521,Ronnie,Attard,0,0,0,1,0
8478433,Felix,Sandstrom,0,0,1,0,1
8476326,Josh,Archibald,1,0,0,1,0
8474053,Logan,Couture,1,0,0,0,1
8478067,Oskar,Lindblom,1,0,0,0,1
8480160,Radim,Simek,0,0,0,0,1
8476410,Josh,Leivo,1,0,0,1,0
8477463,Steven,Santini,0,0,0,1,0
8479026,Philippe,Myers,0,0,0,1,0
8474190,Wayne,Simmonds,1,0,0,1,0
8473548,Phil,Kessel,1,0,0,1,0
8478506,Gabriel,Carlsson,0,0,0,0,1
8470612,Ryan,Getzlaf,1,0,0,1,0
8479341,Cam,Dineen,0,0,0,0,1
8474667,Harri,Sateri,0,0,1,0,1
8482072,Jack,Ahcan,0,0,0,0,1
8475186,John,Moore,0,0,0,0,1
8479419,Brett,Murray,1,0,0,0,1
8480231,Jakub,Galvas,0,0,0,0,1
8476870,Stefan,Matteau,1,0,0,0,1
8477290,Michael,Raffl,1,0,0,0,1
8476505,Turner,Elson,1,0,0,0,1
8474722,Luke,Witkowski,0,0,0,1,0
8478442,Cooper,Marody,1,0,0,1,0
8476343,Garret,Sparks,0,0,1,0,1
8476975,Cedric,Paquette,1,0,0,0,1
8478838,Lukas,Vejdemo,1,0,0,0,1
8471679,Carey,Price,0,0,1,0,1
8476428,Rocco,Grimaldi,1,0,0,1,0
8472382,Andy,Greene,0,0,0,0,1
8476983,Paul,LaDue,0,0,0,1,0
8475735,Greg,McKegg,1,0,0,0,1
8478903,Adam,Huska,0,0,1,0,1
8478056,Clark,Bishop,1,0,0,0,1
8474589,Tyler,Ennis,1,0,0,0,1
8480304,Jayden,Halbgewachs,1,0,0,0,1
8477996,Juho,Lammikko,1,0,0,0,1
8480022,Michael,DiPietro,0,0,1,0,1
8481849,Zack,Hayes,0,0,0,0,1
8478040,Austin,Poganski,1,0,0,1,0
8475958,Michael,Sgarbossa,1,0,0,0,1
8480087,Mike,Vecchione,1,0,0,1,0
8468011,Ryan,Miller,0,0,1,0,1
8474581,Jake,Gardiner,0,0,0,0,1
8476888,Mikhail,Grigorenko,1,0,0,0,1
8480162,Matiss ,Kivlenieks,0,0,1,0,1
8471262,Carl,Soderberg,1,0,0,0,1
8470047,Valtteri,Filppula,1,0,0,0,1
8481638,Joakim,Nygard,1,0,0,0,1
8481105,Otto,Leskinen,0,0,0,0,1
8478857,Dmytro,Timashov,1,0,0,0,1
8475613,Nate,Prosser,0,0,0,1,0
8474134,Yannick,Weber,0,0,0,1,0
8480276,Ivan,Chekhovich,1,0,0,0,1
8481516,Joel,Kellman,1,0,0,0,1
8466139,Patrick,Marleau,1,0,0,0,1
8482246,Alexei,Melnichuk,0,0,1,0,1
8477455,Jacob,de la Rose,1,0,0,0,1
8482063,Marc ,Michaelis,1,0,0,0,1
8471743,Vladimir,Sobotka,1,0,0,0,1
8479530,Adam,Werner,0,0,1,0,1
8474597,Cody,Goloubef,0,0,0,1,0
8476472,Oscar,Klefbom,0,0,0,0,1
8480940,Joel,Persson,0,0,0,1,0
8479734,Brennan,Menell,0,0,0,1,0
8480213,Gilles,Senn,0,0,1,1,0
8476447,Miikka,Salomaki,1,0,0,0,1
8470187,Johnny,Boychuk,0,0,0,1,0
8475195,Anders,Nilsson,0,0,1,0,1
8471702,Matt,Niskanen,0,0,0,1,0
8473412,Bryan,Little,1,0,0,1,0
8476894,Brendan,Leipsic,1,0,0,0,1
8479294,Kevin,Boyle,0,0,1,0,1
8474131,Mario,Kempe,1,0,0,0,1
8471273,Brandon,Dubinsky,1,0,0,0,1
8478561,Andreas,Martinsen,1,0,0,0,1
8471691,Martin,Hanzal,1,0,0,0,1
8473933,Ben,Lovejoy,0,0,0,1,0
8476806,JT,Brown,1,0,0,1,0
8469521,Tomas,Plekanec,1,0,0,0,1
8471226,Drew,Stafford,1,0,0,1,0
8473492,Matt,Beleskey,1,0,0,0,1
8478268,Jack,Rodewald,1,0,0,1,0
8475206,Stefan,Elliott,0,0,0,1,0
8470093,Mike,McKenna,0,0,1,1,0
8477399,Tyrell,Goulbourne,1,0,0,0,1
8473607,Michal,Neuvirth,0,0,1,0,1
8478365,Danick,Martel,1,0,0,0,1
8471766,Jared,Boll,1,0,0,1,0
8469544,Patrick,Sharp,1,0,0,1,0
8478842,Andrei,Mironov,0,0,0,0,1
8477225,Jared,Coreau,0,0,1,0,1
8476020,Andrew,Crescenzi,1,0,0,0,1
8475157,Landon,Ferraro,1,0,0,1,0
8478004,Brett,Lernout,0,0,0,1,0
8477642,Rinat,Valiev,0,0,0,0,1
8476450,Ryan,Sproul,0,0,0,1,0
8474018,Christopher,DiDomenico,1,0,0,1,0
8475328,Ben,Sexton,1,0,0,1,0
8476955,Taylor,Leier,1,0,0,0,1
8479650,Vadim,Shipachyov,1,0,0,0,1
8471664,Mason,Raymond,1,0,0,0,1
8470886,Clayton,Stoner,0,0,0,0,1
8462038,Shane,Doan,1,0,0,1,0
8473571,Jamie,McBain,0,0,0,1,0
8478562,Jakub,Nakladal,0,0,0,1,0
8468038,Michael,Leighton,0,0,1,0,1
8477445,Hunter,Shinkaruk,1,0,0,0,1
8475223,Linden,Vey,1,0,0,1,0
8471956,Andrew,Desjardins,1,0,0,0,1
8466285,Brian,Campbell,0,0,0,0,1
8474577,Joe,Colborne,1,0,0,0,1
8468505,Steve,Ott,1,0,0,0,1
8475165,Anton,Lander,1,0,0,0,1
8476852,Griffin,Reinhart,0,0,0,0,1
8476200,Paul,Thompson,1,0,0,1,0
8465978,Shawn,Thornton,1,0,0,1,0
8474100,Dwight,King,1,0,0,0,1
8478566,Sergey,Kalinin,1,0,0,0,1
8470667,Clarke,MacArthur,1,0,0,0,1
8471762,Chris,VandeVelde,1,0,0,0,1
8477326,Joel,Vermin,1,0,0,0,1
8475815,Julian,Melchiori,0,0,0,0,1
8478137,Jiri,Sekac,1,0,0,0,1
8474138,Dustin,Jeffrey,1,0,0,0,1
8474588,Viktor,Tikhonov,1,0,0,1,0
8469555,Christian,Ehrhoff,0,0,0,0,1
8465185,Willie,Mitchell,0,0,0,0,1
8468526,Jarret,Stoll,1,0,0,1,0
8460542,Patrik,Elias,1,0,0,0,1
8473482,Jiri,Tlusty,1,0,0,0,1
8471752,Marc-Andre,Gragnani,0,0,0,0,1
8470230,Daniel,Paille,1,0,0,0,1
8476819,Jeremy,Welsh,1,0,0,0,1
8470378,Andre,Benoit,0,0,0,0,1
8475060,Matt,Taormina,0,0,0,0,1
8476910,Scott,Kosmachuk,1,0,0,1,0
8475598,Ryan,Stanton,0,0,0,0,1
8468482,Dany,Heatley,1,0,0,0,1
8474793,Justin,Hodgman,1,0,0,1,0
8469664,David,Moss,1,0,0,1,0
8477228,Matt,Lindblad,1,0,0,0,1
8474519,Jack,Hillen,0,0,0,0,1
8477913,David,Wolf,1,0,0,0,1
8476536,Colin,Smith,1,0,0,1,0
8466149,Daniel,Cleary,1,0,0,0,1
8470176,Sean,Bergenheim,1,0,0,0,1
8470054,Keith,Ballard,0,0,0,0,1
8474137,Drayson,Bowman,1,0,0,0,1
8460626,Bryce,Salvador,0,0,0,0,1
8468598,Lubomir,Visnovsky,0,0,0,0,1
8473536,James,Sheppard,1,0,0,0,1
8470654,Maxim,Lapierre,1,0,0,1,0
8466160,Brenden,Morrow,1,0,0,0,1
8474192,Matt,Frattin,1,0,0,1,0
8475295,Brandon,Kozun,1,0,0,1,0
8474184,Keaton,Ellerby,0,0,0,0,1
8475619,Aaron,Volpatti,1,0,0,0,1
8459442,Saku,Koivu,1,0,0,0,1
8467910,Nolan,Yonkman,0,0,0,1,0
8474059,Linus,Omark,1,0,0,0,1
8474681,Andrei,Loktionov,1,0,0,0,1
8477847,Bryce,Van Brabant,1,0,0,0,1
8462129,Michal,Handzus,1,0,0,0,1
8470366,Martin,St. Pierre,1,0,0,0,1
8477666,Simon,Moser,1,0,0,0,1
8470153,Pierre-Marc,Bouchard,1,0,0,0,1
8476206,Andy,Miele,1,0,0,0,1
8476522,Adam,Payerl,1,0,0,1,0
8468162,Jerred,Smithson,1,0,0,1,0
8469534,Aaron,Johnson,0,0,0,0,1
8474121,Colton,Gillies,1,0,0,0,1
8459053,Adrian,Aucoin,0,0,0,1,0
8477243,Drew,LeBlanc,1,0,0,0,1
8468636,Greg,Zanon,0,0,0,0,1
8473416,Michael,Caruso,0,0,0,0,1
8475893,Joonas,Rask,1,0,0,1,0
8471689,Ryan,O'Marra,1,0,0,1,0
8472355,Rod,Pelley,1,0,0,0,1
8470636,Josh,Hennessy,1,0,0,0,1
8458525,Brian,Rolston,1,0,0,0,1
8470986,Darryl,Boyce,1,0,0,0,1
8468166,Curtis,Sanford,0,0,1,0,1
8474587,Greg,Nemisz,1,0,0,1,0
8474691,Philippe,Cornet,1,0,0,0,1
8475219,Kristopher,Foucault,1,0,0,0,1
8475679,Jarod,Palmer,1,0,0,1,0
8468463,Mathieu,Darche,1,0,0,0,1
8475372,Andreas,Engqvist,1,0,0,1,0
8474163,Kevin,Marshall,0,0,0,0,1
8470737,Brett,Sterling,1,0,0,0,1
8475104,Evan,Oberg,0,0,0,0,1
8460567,Chris,Clark,1,0,0,1,0
8455919,Craig,Conroy,1,0,0,1,0
8470648,Stefan,Meyer,1,0,0,0,1
8466145,Nick,Boynton,0,0,0,1,0
8470623,Shawn,Belle,0,0,0,0,1
8470656,David,Liffiton,0,0,0,0,1
8449645,Mike,Modano,1,0,0,0,1
8460555,Jason,Strudwick,0,0,0,0,1
8469675,Martin,Gerber,0,0,1,0,1
8471310,Dustin,Boyd,1,0,0,0,1
8464957,J-P,Dumont,1,0,0,0,1
8465024,Jon,Sim,1,0,0,0,1
8458361,Doug,Weight,1,0,0,0,1
8473611,Shane,Sims,0,0,0,1,0
8471368,Roman,Wick,1,0,0,0,1
8469681,Ryan,Hollweg,1,0,0,0,1
8474531,Mike,Moore,0,0,0,0,1
8470136,Nathan,Oystrick,0,0,0,0,1
8460503,Mattias,Ohlund,0,0,0,0,1
8471692,Ryan,Parent,0,0,0,0,1
8479619,Michael,Carcone,1,0,0,0,1
8476856,Matt,Dumba,0,0,0,1,0
8479442,Troy,Stecher,0,0,0,1,0
8476854,Hampus,Lindholm,0,0,0,0,1
8475784,Jeff,Skinner,1,0,0,0,1
8476921,Jordan,Martinook,1,0,0,0,1
8476882,Teuvo,Teravainen,1,0,0,0,1
8478970,Jalen,Chatfield,0,0,0,1,0
8477950,Tony,DeAngelo,0,0,0,1,0
8476869,Brady,Skjei,0,0,0,0,1
8484293,Yaniv,Perets,0,0,1,0,1
8474150,Mikael,Backlund,1,0,0,0,1
8480008,Adam,Ruzicka,1,0,0,0,1
8477346,MacKenzie,Weegar,0,0,0,1,0
8481568,Alex,Vlasic,0,0,0,0,1
8471699,Andrew,Cogliano,1,0,0,0,1
8477494,Jonathan,Drouin,1,0,0,0,1
8478449,Roope,Hintz,1,0,0,0,1
8482740,Wyatt,Johnston,1,0,0,1,0
8476902,Esa,Lindell,0,0,0,0,1
8477429,Andrew,Copp,1,0,0,0,1
8478466,Daniel,Sprong,1,0,0,1,0
8480468,James,Hamblin,1,0,0,0,1
8475169,Evander,Kane,1,0,0,0,1
8477935,Sam,Bennett,1,0,0,0,1
8479981,Jonah,Gadjovich,1,0,0,0,1
8479314,Matthew,Tkachuk,1,0,0,0,1
8478055,Gustav,Forsling,0,0,0,0,1
8479372,Josh,Mahura,0,0,0,0,1
8482124,Quinton,Byfield,1,0,0,0,1
8471685,Anze,Kopitar,1,0,0,0,1
8479520,Brandon,Duhaime,1,0,0,0,1
8474567,Zach,Bogosian,0,0,0,1,0
8477541,Dakota,Mermis,0,0,0,0,1
8481540,Cole,Caufield,1,0,0,1,0
8479543,Michael,Pezzetta,1,0,0,0,1
8480018,Nick,Suzuki,1,0,0,1,0
8479414,Nathan,Bastian,1,0,0,1,0
8478414,Timo,Meier,1,0,0,0,1
8478051,Max,Willman,1,0,0,0,1
8479984,Cal,Foote,0,0,0,1,0
8479996,Cody,Glass,1,0,0,1,0
8482062,Cole,Smith,1,0,0,0,1
8477380,Jonny,Brodzinski,1,0,0,1,0
8478472,Mathieu,Joseph,1,0,0,0,1
8476341,Anton,Forsberg,0,0,1,0,1
8474715,Cam,Atkinson,1,0,0,1,0
8478439,Travis,Konecny,1,0,0,1,0
8476872,Scott,Laughton,1,0,0,0,1
8481546,Cam,York,0,0,0,0,1
8481178,Egor,Zamula,0,0,0,0,1
8482055,Drew,O'Connor,1,0,0,0,1
8477465,Tristan,Jarry,0,0,1,0,1
8478916,Joey,Daccord,0,0,1,0,1
8475831,Philipp,Grubauer,0,0,1,0,1
8477407,Anthony,Duclair,1,0,0,0,1
8477149,Scott,Sabourin,1,0,0,1,0
8477335,Kyle,Burroughs,0,0,0,1,0
8480834,Ty,Emberson,0,0,0,1,0
8478104,Sammy,Blais,1,0,0,0,1
8477402,Pavel,Buchnevich,1,0,0,0,1
8480981,Joel,Hofer,0,0,1,0,1
8479542,Brandon,Hagel,1,0,0,0,1
8479661,Tanner,Jeannot,1,0,0,0,1
8475177,Calvin,de Haan,0,0,0,0,1
8479410,Mikhail,Sergachev,0,0,0,0,1
8477992,Jonas,Johansson,0,0,1,0,1
8479361,Joseph,Woll,0,0,1,0,1
8476468,J.T.,Miller,1,0,0,0,1
8480459,Pius,Suter,1,0,0,0,1
8478020,Michael,Amadio,1,0,0,1,0
8481604,Pavel,Dorofeyev,1,0,0,0,1
8476539,Jonathan,Marchessault,1,0,0,1,0
8481167,Brayden,Pachal,0,0,0,1,0
8480873,Rasmus,Sandin,0,0,0,0,1
8477845,Trevor,van Riemsdyk,0,0,0,1,0
8480467,Austin,Strand,0,0,0,1,0
8480890,Jan,Jenik,1,0,0,0,1
8483397,Marc,McLaughlin,1,0,0,1,0
8476994,Vinnie,Hinostroza,1,0,0,1,0
8480441,Trey,Fix-Wolansky,1,0,0,1,0
8481649,Joona,Luoto,1,0,0,0,1
8474628,Michael,Stone,0,0,0,1,0
8482635,Mike,Hardman,1,0,0,0,1
8478224,Luke,Philp,1,0,0,1,0
8478455,Austin,Wagner,1,0,0,0,1
8480070,Ian,Mitchell,0,0,0,1,0
8482250,Callahan,Burke,1,0,0,1,0
8482147,Jean-Luc,Foudy,1,0,0,1,0
8476851,Alex,Galchenyuk,1,0,0,0,1
8480822,Martin,Kaut,1,0,0,1,0
8471303,Alexander,Edler,0,0,0,0,1
8477464,Nic,Petan,1,0,0,0,1
8483424,Owen,Beck,1,0,0,1,0
8475968,Alex,Belzile,1,0,0,1,0
8480034,Joel,Teasdale,1,0,0,0,1
8477341,Andreas,Johnsson,1,0,0,0,1
8477981,Roland,McKeown,0,0,0,1,0
8479580,Dylan,Gambrell,1,0,0,1,0
8479465,Drake,Caggiula,1,0,0,0,1
8481591,Sam,Poulin,1,0,0,0,1
8481543,Nikita,Alexandrov,1,0,0,0,1
8471306,Thomas,Greiss,0,0,1,0,1
8478902,Erik,Kallgren,0,0,1,0,1
8480326,Sheldon,Dries,1,0,0,0,1
8479404,Henrik,Borgstrom,1,0,0,0,1
8481815,Bryce,Kindopp,1,0,0,1,0
8477205,Andrej,Sustr,0,0,0,1,0
8480591,Thomas,Hodges,0,0,1,0,1
8476436,Dmitrij,Jaskin,1,0,0,0,1
8480083,C.J.,Smith,1,0,0,0,1
8481004,Josiah,Slavin,1,0,0,0,1
8476886,Slater,Koekkoek,0,0,0,0,1
8466138,Joe,Thornton,1,0,0,0,1
8470606,Dustin,Brown,1,0,0,1,0
8477631,Brandon,Baddock,1,0,0,0,1
8478933,Michael,McNiven,0,0,1,0,1
8478868,Christian,Jaros,0,0,0,1,0
8478949,Kole,Sherwood,1,0,0,1,0
8476807,Matt,Tennyson,0,0,0,1,0
8473463,Leo,Komarov,1,0,0,0,1
8465009,Zdeno,Chara,0,0,0,0,1
8479364,Tim,Gettinger,1,0,0,0,1
8480053,Sasha,Chmelevski,1,0,0,1,0
8481701,Santeri,Hatakka,0,0,0,0,1
8479313,Zach,Sawchenko,0,0,1,0,1
8473415,Alex,Biega,0,0,0,1,0
8479729,Kristians,Rubins,0,0,0,0,1
8480186,Alexander,Volkov,1,0,0,0,1
8475808,Michael,Chaput,1,0,0,0,1
8475807,Joakim,Nordstrom,1,0,0,0,1
8475204,Brandon,Pirri,1,0,0,0,1
8479387,Keaton,Middleton,0,0,0,0,1
8482240,Mathias ,Brome,1,0,0,0,1
8477038,Nikita,Gusev,1,0,0,1,0
8478011,Louie,Belpedio,0,0,0,1,0
8470642,Shea,Weber,0,0,0,1,0
8479288,Kasimir,Kaskisuo,0,0,1,0,1
8471469,Pekka,Rinne,0,0,1,0,1
8475868,Anthony,Bitetto,0,0,0,0,1
8479462,Tarmo,Reunanen,0,0,0,0,1
8477814,Kevin,Czuczman,0,0,0,0,1
8478049,Ben,Thomas,0,0,0,1,0
8476444,Christopher,Gibson,0,0,1,0,1
8477937,Jake,Virtanen,1,0,0,1,0
8476430,Tomas,Jurco,1,0,0,0,1
8468508,Justin,Williams,1,0,0,1,0
8481650,Jakob,Lilja,1,0,0,0,1
8477961,John,Quenneville,1,0,0,0,1
8475730,Stephen,Johns,0,0,0,1,0
8477509,Mirco,Mueller,0,0,0,0,1
8468685,Henrik,Lundqvist,0,0,1,0,1
8478833,J.C.,Beaudin,1,0,0,1,0
8477010,Joseph,Blandisi,1,0,0,0,1
8476974,Thomas,Di Pauli,1,0,0,0,1
8480780,Lukas,Radil,1,0,0,1,0
8480147,Oscar,Fantenberg,0,0,0,0,1
8479748,Gage,Quinney,1,0,0,0,1
8468674,Deryk,Engelland,0,0,0,1,0
8474061,Anthony,Peluso,1,0,0,1,0
8470760,Marc,Methot,0,0,0,0,1
8470602,Dion,Phaneuf,0,0,0,0,1
8476177,Matt,Read,1,0,0,1,0
8474550,Antti,Niemi,0,0,1,0,1
8480948,Egor,Yakovlev,0,0,0,0,1
8475175,Magnus,Paajarvi,1,0,0,0,1
8471768,Tom,Pyatt,1,0,0,0,1
8475253,Garrett,Wilson,1,0,0,0,1
8469501,Chris,Thorburn,1,0,0,1,0
8478031,Nelson,Nogier,0,0,0,1,0
8479613,Giovanni,Fiore,1,0,0,0,1
8476866,Nicolas,Kerdiles,1,0,0,0,1
8467400,Francois,Beauchemin,0,0,0,0,1
8475185,Jacob,Josefson,1,0,0,0,1
8468083,Henrik,Zetterberg,1,0,0,0,1
8476322,Chase,Balisy,1,0,0,0,1
8474625,Jimmy,Hayes,1,0,0,1,0
8469619,Dennis,Seidenberg,0,0,0,0,1
8471433,Daniel,Taylor,0,0,1,0,1
8475739,Michael,Bournival,1,0,0,0,1
8470828,Toby,Enstrom,0,0,0,0,1
8473461,Steve,Mason,0,0,1,1,0
8476805,Spencer,Abbott,1,0,0,1,0
8475199,Eric,Gelinas,0,0,0,0,1
8470778,Drew,Miller,1,0,0,0,1
8470121,Matt,Greene,0,0,0,1,0
8476219,Patrick,Cannone,1,0,0,1,0
8476482,Nicklas,Jensen,1,0,0,0,1
8470644,Colin,McDonald,1,0,0,1,0
8471331,Kevin,Porter,1,0,0,0,1
8473542,Tom,Sestito,1,0,0,0,1
8479969,Griffen,Molino,1,0,0,0,1
8471856,Joe,Vitale,1,0,0,1,0
8474005,Alex,Grant,0,0,0,1,0
8467330,David,Legwand,1,0,0,0,1
8469470,Carlo,Colaiacovo,0,0,0,0,1
8476394,Michael,Paliotta,0,0,0,1,0
8473404,Niklas,Backstrom,0,0,1,0,1
8474850,Brandon,Mashinter,1,0,0,0,1
8467331,Brad,Stuart,0,0,0,0,1
8474698,Brent,Regner,0,0,0,1,0
8471311,Tyler,Kennedy,1,0,0,1,0
8468700,Paul,Gaustad,1,0,0,0,1
8475661,Dave,Dziurzynski,1,0,0,0,1
8475174,Jared,Cowen,0,0,0,0,1
8474497,Michael,Kostka,0,0,0,1,0
8466393,Pascal,Dupuis,1,0,0,0,1
8473562,John,McCarthy,1,0,0,0,1
8474096,Nick,Spaling,1,0,0,0,1
8471733,Rich,Clune,1,0,0,0,1
8474113,TJ,Brennan,0,0,0,0,1
8476478,Stuart,Percy,0,0,0,0,1
8470274,Chris,Higgins,1,0,0,0,1
8471283,Brandon,Prust,1,0,0,0,1
8474616,Patrice,Cormier,1,0,0,0,1
8475161,Chris,Brown,1,0,0,1,0
8475816,Stanislav,Galiev,1,0,0,1,0
8475119,Zach,Sill,1,0,0,0,1
8467391,Jason,LaBarbera,0,0,1,0,1
8470719,Alexandre,Bolduc,1,0,0,0,1
8468064,Martin,Erat,1,0,0,0,1
8477092,Andrey,Makarov,0,0,1,0,1
8475826,Justin,Shugg,1,0,0,1,0
8475294,Rasmus,Rissanen,0,0,0,0,1
8475733,Max,Reinhart,1,0,0,0,1
8470699,Jan,Hejda,0,0,0,0,1
8476179,Will,Acton,1,0,0,0,1
8473514,Jesse,Joensuu,1,0,0,0,1
8468518,Tomas,Kopecky,1,0,0,0,1
8467344,Robyn,Regehr,0,0,0,0,1
8474164,Jonathon,Blum,0,0,0,1,0
8474202,John,Curry,0,0,1,0,1
8467334,Manny,Malhotra,1,0,0,0,1
8468478,Mike,Weaver,0,0,0,1,0
8473921,Joe,Piskula,0,0,0,0,1
8474690,Kevin,Poulin,0,0,1,0,1
8467972,Rob,Zepp,0,0,1,0,1
8476549,Daniil,Tarasov,1,0,0,0,1
8462196,Stephane,Robidas,0,0,0,1,0
8474001,TJ,Galiardi,1,0,0,0,1
8470289,Jim,Slater,1,0,0,0,1
8471851,Matt,D'Agostini,1,0,0,1,0
8466182,Henrik,Tallinder,0,0,0,0,1
8469460,Mike,Komisarek,0,0,0,1,0
8475264,Roman,Horak,1,0,0,0,1
8475648,Chris,Breen,0,0,0,0,1
8474837,Mark,Cundari,0,0,0,0,1
8469732,Joey,MacDonald,0,0,1,0,1
8473927,Brad,Mills,1,0,0,1,0
8459140,Nikolai,Khabibulin,0,0,1,0,1
8469798,Maxime,Fortunus,0,0,0,1,0
8470310,Aaron,Rome,0,0,0,0,1
8476846,Cristopher,Nilstorp,0,0,1,1,0
8467463,Mikael,Samuelsson,1,0,0,1,0
8460496,Ryan,Smyth,1,0,0,0,1
8474498,Jesse,Winchester,1,0,0,1,0
8466309,Mike,Mottau,0,0,0,0,1
8475889,Patrick,Holland,1,0,0,1,0
8471220,Rostislav,Olesz,1,0,0,0,1
8476086,Justin,Johnson,1,0,0,1,0
8465025,Arron,Asham,1,0,0,1,0
8475771,Mark,Visentin,0,0,1,0,1
8470085,Paul,Ranger,0,0,0,0,1
8477201,Kellan,Lain,1,0,0,0,1
8474012,John,Albert,1,0,0,0,1
8475248,Alexander,Urbom,0,0,0,0,1
8468695,Matthew,Lombardi,1,0,0,0,1
8471521,Brad,Staubitz,1,0,0,1,0
8465042,Toni,Lydman,0,0,0,0,1
8473734,Tim,Wallace,1,0,0,1,0
8474844,Carter,Bancks,1,0,0,0,1
8464994,Steve,Begin,1,0,0,0,1
8462147,Miikka,Kiprusoff,0,0,1,0,1
8470672,Ryan,O'Byrne,0,0,0,1,0
8468660,Darcy,Hordichuk,1,0,0,0,1
8473525,Theo,Peckham,0,0,0,0,1
8458529,Alex,Kovalev,1,0,0,0,1
8471712,Jeff,Frazee,0,0,1,0,1
8460704,Johan,Hedberg,0,0,1,0,1
8471859,Sergei,Kostitsyn,1,0,0,0,1
8462152,Chris,Mason,0,0,1,0,1
8462535,Jody,Shelley,1,0,0,0,1
8475395,Matthew,Konan,0,0,0,0,1
8460712,Tomas,Vokoun,0,0,1,1,0
8459687,Scott,Nichol,1,0,0,1,0
8470804,Mathieu,Roy,0,0,0,1,0
8474035,Bill,Sweatt,1,0,0,0,1
8469581,Kyle,Wellwood,1,0,0,1,0
8474649,Tomas,Kundratek,0,0,0,1,0
8467335,Mark,Bell,1,0,0,0,1
8474139,Maxime,Macenauer,1,0,0,0,1
8470074,Jeff,Deslauriers,0,0,1,1,0
8473898,Paul,Szczechura,1,0,0,1,0
8474195,Maksim,Mayorov,1,0,0,0,1
8476803,Shawn,Hunwick,0,0,1,0,1
8468499,Krys,Kolanos,1,0,0,1,0
8476225,Mike,Connolly,1,0,0,0,1
8474575,Colten,Teubert,0,0,0,1,0
8460504,Ethan,Moreau,1,0,0,0,1
8474143,Ryan,Thang,1,0,0,1,0
8474566,Nikita,Filatov,1,0,0,1,0
8459424,Chris,Pronger,0,0,0,0,1
8467408,Matt,Walker,0,0,0,1,0
8468789,Jason,Williams,1,0,0,1,0
8462161,Brent,Johnson,0,0,1,0,1
8468515,Brad,Winchester,1,0,0,0,1
8470700,Byron,Bitz,1,0,0,1,0
8470578,Freddy,Meyer,0,0,0,0,1
8469505,Noah,Welch,0,0,0,0,1
8459587,Todd,Marchant,1,0,0,0,1
8474657,Jamie,Arniel,1,0,0,1,0
8459579,Patrick,Lalime,0,0,1,0,1
8458520,Peter,Forsberg,1,0,0,0,1
8468626,David,Koci,1,0,0,0,1
8456283,Adam,Foote,0,0,0,1,0
8469564,Richard,Petiot,0,0,0,0,1
8471399,Robbie,Earl,1,0,0,0,1
8471508,Olivier,Magnan,0,0,0,0,1
8473532,Mark,Dekanich,0,0,1,0,1
8460562,Chris,Drury,1,0,0,1,0
8470705,Corey,Locke,1,0,0,0,1
8470634,Matt,Smaby,0,0,0,0,1
8475087,Christian,Hanson,1,0,0,1,0
8467937,Mike,Zigomanis,1,0,0,1,0
8473488,Sergei,Shirokov,1,0,0,1,0
8470620,Jeff,Tambellini,1,0,0,0,1
8478873,Troy,Terry,1,0,0,1,0
8481533,Trevor,Zegras,1,0,0,0,1
8475764,Cam,Fowler,0,0,0,0,1
8481605,Jackson,LaCombe,0,0,0,0,1
8480950,Ilya,Lyubushkin,0,0,0,1,0
8480843,Lukas,Dostal,0,0,1,0,1
8476434,John,Gibson,0,0,1,0,1
8477021,Alex,Kerfoot,1,0,0,0,1
8477070,Liam,O'Brien,1,0,0,0,1
8475722,Jason,Zucker,1,0,0,0,1
8476891,Matt,Grzelcyk,0,0,0,0,1
8478427,Sebastian,Aho,1,0,0,0,1
8477962,Brendan,Lemieux,1,0,0,0,1
8476474,Stefan,Noesen,1,0,0,1,0
8473533,Jordan,Staal,1,0,0,0,1
8476958,Jaccob,Slavin,0,0,0,0,1
8477293,Antti,Raanta,0,0,1,0,1
8480193,Daniil,Tarasov,0,0,1,0,1
8475172,Nazem,Kadri,1,0,0,0,1
8482074,Connor,Zary,1,0,0,0,1
8477851,Jordan,Oesterle,0,0,0,0,1
8474593,Jacob,Markstrom,0,0,1,0,1
8480252,Cole,Guttman,1,0,0,1,0
8479383,Boris,Katchouk,1,0,0,0,1
8477034,Jaycob,Megna,0,0,0,0,1
8478038,Devon,Toews,0,0,0,0,1
8476889,Radek,Faksa,1,0,0,0,1
8481581,Thomas,Harley,0,0,0,0,1
8480878,Nils,Lundkvist,0,0,0,1,0
8479979,Jake,Oettinger,0,0,1,0,1
8477952,Robby,Fabbri,1,0,0,0,1
8475279,Ben,Chiarot,0,0,0,0,1
8478024,Ville,Husso,0,0,1,0,1
8473503,James,Reimer,0,0,1,0,1
8474040,Sam,Gagner,1,0,0,1,0
8480803,Evan,Bouchard,0,0,0,1,0
8477498,Darnell,Nurse,0,0,0,0,1
8475717,Calvin,Pickard,0,0,1,0,1
8482113,Anton,Lundell,1,0,0,0,1
8477932,Aaron,Ekblad,0,0,0,1,0
8476932,Anthony,Stolarz,0,0,1,0,1
8481560,Arthur,Kaliyev,1,0,0,0,1
8476981,Josh,Anderson,1,0,0,1,0
8475848,Brendan,Gallagher,1,0,0,1,0
8481093,Rafael,Harvey-Pinard,1,0,0,0,1
8482749,Joshua,Roy,1,0,0,0,1
8475287,Erik,Haula,1,0,0,0,1
8477508,Curtis,Lazar,1,0,0,1,0
8482684,Luke,Hughes,0,0,0,0,1
8480789,Oliver,Wahlstrom,1,0,0,1,0
8476917,Adam,Pelech,0,0,0,0,1
8475752,Tyler,Pitlick,1,0,0,1,0
8476459,Mika,Zibanejad,1,0,0,1,0
8480817,K'Andre,Miller,0,0,0,0,1
8481703,Valtteri,Puustinen,1,0,0,1,0
8476483,Rickard,Rakell,1,0,0,1,0
8482665,Matty,Beniers,1,0,0,0,1
8476826,Yanni,Gourde,1,0,0,0,1
8476457,Adam,Larsson,0,0,0,1,0
8474602,Justin,Schultz,0,0,0,1,0
8475798,Mikael,Granlund,1,0,0,0,1
8479385,Jordan,Kyrou,1,0,0,1,0
8475181,Nick,Leddy,0,0,0,0,1
8474618,Marco,Scandella,0,0,0,0,1
8476453,Nikita,Kucherov,1,0,0,0,1
8475766,Austin,Watson,1,0,0,1,0
8477938,Haydn,Fleury,0,0,0,0,1
8475167,Victor,Hedman,0,0,0,0,1
8482929,Emil,Martinsen Lilleberg,0,0,0,0,1
8479318,Auston,Matthews,1,0,0,0,1
8481582,Nicholas,Robertson,1,0,0,0,1
8470966,Mark,Giordano,0,0,0,0,1
8474889,Martin,Jones,0,0,1,0,1
8478856,Conor,Garland,1,0,0,1,0
8480012,Elias,Pettersson,1,0,0,0,1
8478465,Guillaume,Brisebois,0,0,0,0,1
8478454,Noah,Juulsen,0,0,0,1,0
8477478,William,Carrier,1,0,0,0,1
8478403,Jack,Eichel,1,0,0,1,0
8478434,Keegan,Kolesar,1,0,0,1,0
8476905,Chandler,Stephenson,1,0,0,0,1
8475913,Mark,Stone,1,0,0,1,0
8480313,Logan,Thompson,0,0,1,1,0
8478398,Kyle,Connor,1,0,0,0,1
8481019,David,Gustafsson,1,0,0,0,1
8476392,Adam,Lowry,1,0,0,0,1
8475799,Nino,Niederreiter,1,0,0,0,1
8479378,Logan,Stanley,0,0,0,0,1
8479547,Matthew,Phillips,1,0,0,1,0
8475311,Darcy,Kuemper,0,0,1,0,1
8477126,Jayson,Megna,1,0,0,1,0
8481754,Nikita,Nesterenko,1,0,0,0,1
8476470,Nathan,Beaulieu,0,0,0,0,1
8481599,Victor,Soderstrom,0,0,0,1,0
8471276,David,Krejci,1,0,0,1,0
8480021,Jack,Studnicka,1,0,0,1,0
8475780,Chris,Wagner,1,0,0,1,0
8476941,Connor,Carrick,0,0,0,1,0
8478415,Jakub,Zboril,0,0,0,0,1
8478075,Anders,Bjork,1,0,0,0,1
8475772,Riley,Sheahan,1,0,0,0,1
8479602,Jeremy,Davies,0,0,0,0,1
8480935,Lawrence,Pilut,0,0,0,0,1
8479639,Dylan,Coghlan,0,0,0,1,0
8482451,Mikael,Pyyhtia,1,0,0,0,1
8482448,Samuel,Knazko,0,0,0,0,1
8482711,Stanislav,Svozil,0,0,0,0,1
8481592,Jakob,Pelletier,1,0,0,0,1
8483530,Jaxson,Stauber,0,0,1,0,1
8478843,Denis,Malgin,1,0,0,1,0
8480925,Pavel,Francouz,0,0,1,1,0
8481712,Matej,Blumel,1,0,0,0,1
8479518,Fredrik,Karlström,1,0,0,0,1
8479362,Riley,Tufte,1,0,0,0,1
8483575,Matt,Murray,0,0,1,0,1
8475163,Alex,Chiasson,1,0,0,1,0
8479644,Matt,Luff,1,0,0,1,0
8476433,Magnus,Hellberg,0,0,1,0,1
8476850,Ryan,Murray,0,0,0,0,1
8480844,Grigori,Denisenko,1,0,0,1,0
8483641,Anton,Levtchi,1,0,0,0,1
8482641,Matt,Kiersted,0,0,0,0,1
8481519,Spencer,Knight,0,0,1,0,1
8478409,Anthony,Richard,1,0,0,0,1
8481033,Akira,Schmid,0,0,1,0,1
8476873,Mark,Jankowski,1,0,0,0,1
8474697,Mark,Borowiecki,0,0,0,0,1
8475857,Kevin,Gravel,0,0,0,0,1
8482137,Yaroslav,Askarov,0,0,1,1,0
8476404,Andy,Andreoff,1,0,0,0,1
8482207,William,Dufour,1,0,0,1,0
8477471,Dillon,Heatherington,0,0,0,0,1
8482095,Tyler,Kleven,0,0,0,0,1
8476166,Taylor,Fedun,0,0,0,1,0
8482824,Nick,Cicek,0,0,0,0,1
8476884,Derrick,Pouliot,0,0,0,0,1
8481006,Tyler,Tucker,0,0,0,0,1
8481617,Vasily,Podkolzin,1,0,0,0,1
8480056,Jack,Rathbone,0,0,0,0,1
8478846,Christian,Wolanin,0,0,0,0,1
8480443,Kristian,Reichel,1,0,0,1,0
8482861,Vincent,Iorio,0,0,0,1,0
8475625,Matt,Irwin,0,0,0,0,1
8476982,Danny,O'Regan,1,0,0,1,0
8470626,Loui,Eriksson,1,0,0,0,1
8474062,Riley,Nash,1,0,0,1,0
8475622,Carter,Hutton,0,0,1,0,1
8477974,Ryan,MacInnis,1,0,0,0,1
8476876,Malcolm,Subban,0,0,1,0,1
8478874,Adam,Gaudette,1,0,0,1,0
8478528,Tanner,Kero,1,0,0,0,1
8477215,Danny,DeKeyser,0,0,0,0,1
8474068,Kyle,Turris,1,0,0,1,0
8479553,Maxim,Mamin,1,0,0,0,1
8482070,Mitchell,Chaffee,1,0,0,1,0
8476415,Kyle,Rau,1,0,0,0,1
8474038,Paul,Byron,1,0,0,0,1
8481555,Mattias,Norlinder,0,0,0,0,1
8479447,Anthony,Greco,1,0,0,1,0
8481657,Viktor,Lodin,1,0,0,0,1
8481133,Cole,Reinhardt,1,0,0,0,1
8470775,Nate,Thompson,1,0,0,0,1
8475839,Louis,Domingue,0,0,1,1,0
8476368,Fredrik,Claesson,0,0,0,0,1
8476466,Sven,Baertschi,1,0,0,0,1
8479482,Michal,Kempny,0,0,0,0,1
8477457,Zach,Fucale,0,0,1,0,1
8470655,David,Backes,1,0,0,1,0
8475869,Brandon,Davidson,0,0,0,0,1
8482247,Mikko,Lehtonen,0,0,0,0,1
8476300,Nikita,Nesterov,0,0,0,0,1
8481501,Artyom,Zagidulin,0,0,1,0,1
8474685,Matt,Calvert,1,0,0,0,1
8471676,Bobby,Ryan,1,0,0,1,0
8479466,Patrick,Russell,1,0,0,1,0
8481629,Olle ,Alsing,0,0,0,0,1
8478436,David,Kase,1,0,0,0,1
8475834,Marcus,Sorensen,1,0,0,0,1
8480965,Antti,Suomela,1,0,0,0,1
8477901,Daniel,Carr,1,0,0,0,1
8481637,Anton,Wedin,1,0,0,0,1
8470607,Brent,Seabrook,0,0,0,1,0
8471750,Ben,Bishop,0,0,1,0,1
8469454,Ilya,Kovalchuk,1,0,0,1,0
8477213,Tim,Schaller,1,0,0,0,1
8473991,Karl,Alzner,0,0,0,0,1
8475832,Tom,Kuhnhackl,1,0,0,0,1
8475224,Jordan,Szwarz,1,0,0,1,0
8478844,Mikhail,Vorobyev,1,0,0,0,1
8477983,Maxim,Letunov,1,0,0,0,1
8479510,Egor,Korshkov,1,0,0,0,1
8475716,Martin,Marincin,0,0,0,0,1
8475268,Gabriel,Bourque,1,0,0,0,1
8470622,Patrick,Eaves,1,0,0,1,0
8470616,Ryan,Kesler,1,0,0,1,0
8478541,Markus,Hannikainen,1,0,0,0,1
8479657,Alexandre,Fortin,1,0,0,0,1
8477413,Sven,Andrighetto,1,0,0,0,1
8476477,Matt,Puempel,1,0,0,0,1
8480161,Libor,Sulak,0,0,0,0,1
8477957,Nikita,Scherbak,1,0,0,0,1
8479250,Nick,Lappin,1,0,0,1,0
8474627,Jori,Lehtera,1,0,0,0,1
8476877,Jordan,Schmaltz,0,0,0,1,0
8470834,Dustin,Byfuglien,0,0,0,1,0
8477929,Dennis,Rasmussen,1,0,0,0,1
8467407,Brian,Gionta,1,0,0,1,0
8470041,Rick,Nash,1,0,0,0,1
8475949,Marek,Hrivik,1,0,0,1,0
8475663,Eddie,Lack,0,0,1,0,1
8470140,Kari,Lehtonen,0,0,1,0,1
8467370,Mike,Fisher,1,0,0,1,0
8471296,Alexei,Emelin,0,0,0,0,1
8475180,Peter,Holland,1,0,0,0,1
8477990,Brandon,Halverson,0,0,1,0,1
8474024,Jim,O'Brien,1,0,0,1,0
8475761,Beau,Bennett,1,0,0,1,0
8473432,Derek,Dorsett,1,0,0,1,0
8467876,Henrik,Sedin,1,0,0,0,1
8468639,John-Michael,Liles,0,0,0,0,1
8477041,Brady,Austin,0,0,0,0,1
8476452,Tyler,Wotherspoon,0,0,0,0,1
8469547,Jordin,Tootoo,1,0,0,1,0
8465058,Michal,Rozsival,0,0,0,1,0
8469492,Fedor,Tyutin,0,0,0,0,1
8473553,Jeff,Zatkoff,0,0,1,0,1
8469759,Vernon,Fiddler,1,0,0,0,1
8473989,Luke,Gazdic,1,0,0,0,1
8471760,Cody,Bass,1,0,0,1,0
8475774,Petter,Granberg,0,0,0,1,0
8476992,Marek,Mazanec,0,0,1,1,0
8479648,Roman,Lyubimov,1,0,0,1,0
8477356,Kristers,Gudlevskis,0,0,1,0,1
8477816,Michael,Zalewski,1,0,0,0,1
8473565,Brian,Strait,0,0,0,0,1
8467423,Shawn,Horcoff,1,0,0,0,1
8469490,Tim,Jackman,1,0,0,1,0
8475414,Craig,Cunningham,1,0,0,1,0
8471703,Steve,Downie,1,0,0,1,0
8478928,Sergei,Plotnikov,1,0,0,0,1
8478564,Joonas,Kemppainen,1,0,0,0,1
8475292,Tyler,Randell,1,0,0,1,0
8476309,Jason,Kasdorf,0,0,1,0,1
8471403,Karri,Ramo,0,0,1,0,1
8475182,David,Rundblad,0,0,0,1,0
8475759,Brandon,Gormley,0,0,0,0,1
8473970,Rob,Klinkhammer,1,0,0,0,1
8477249,Andrew,Miller,1,0,0,1,0
8475757,Brett,Bulmer,1,0,0,1,0
8471371,Mike,Brown,1,0,0,1,0
8473658,Victor,Bartley,0,0,0,0,1
8476772,Brian,O'Neill,1,0,0,0,1
8470180,Eric,Nystrom,1,0,0,0,1
8467890,Barret,Jackman,0,0,0,0,1
8476244,Raphael,Diaz,0,0,0,1,0
8478563,Evgeny,Medvedev,0,0,0,0,1
8476147,Kael,Mouillierat,1,0,0,0,1
8464977,Dainius,Zubrus,1,0,0,0,1
8467899,Martin,Havlat,1,0,0,0,1
8471916,Mike,Angelidis,1,0,0,0,1
8477033,Viktor,Loov,0,0,0,0,1
8477589,Ronalds,Kenins,1,0,0,0,1
8474094,Matt,Halischuk,1,0,0,1,0
8471241,Mark,Fistric,0,0,0,0,1
8471388,Patrick,Kaleta,1,0,0,1,0
8471236,Andrej,Meszaros,0,0,0,0,1
8475767,Joey,Hishon,1,0,0,0,1
8471474,Travis,Morin,1,0,0,0,1
8458951,Sergei,Gonchar,0,0,0,0,1
8475680,Jussi,Rynnas,0,0,1,0,1
8474048,Keith,Aulie,0,0,0,0,1
8471840,Brett,Sutter,1,0,0,0,1
8469622,Ryane,Clowe,1,0,0,0,1
8472394,Peter,Harrold,0,0,0,1,0
8475243,Ryan,Bourque,1,0,0,0,1
8477214,Conor,Allen,0,0,0,0,1
8477227,Eriah,Hayes,1,0,0,1,0
8470152,Joakim,Lindstrom,1,0,0,0,1
8460705,Evgeni,Nabokov,0,0,1,0,1
8475154,Carter,Ashton,1,0,0,0,1
8468778,Colton,Orr,1,0,0,1,0
8475567,Julien,Brouillette,0,0,0,0,1
8471482,Grant,Clitsome,0,0,0,0,1
8472368,Chris,Conner,1,0,0,0,1
8469820,Zenon,Konopka,1,0,0,0,1
8474551,Ville,Leino,1,0,0,0,1
8462041,Radek,Dvorak,1,0,0,1,0
8475833,Bill,Arnold,1,0,0,1,0
8475283,Lane,MacDermid,1,0,0,0,1
8475824,Sami,Aittokallio,0,0,1,0,1
8473558,Cory,Emmerton,1,0,0,0,1
8477289,Anton,Belov,0,0,0,0,1
8467336,Mike,Rupp,1,0,0,0,1
8468095,George,Parros,1,0,0,1,0
8474236,Brett,Gallant,1,0,0,0,1
8471719,Matt,Kassian,1,0,0,0,1
8471680,Gilbert,Brule,1,0,0,1,0
8467831,Jeff,Halpern,1,0,0,1,0
8468484,Rostislav,Klesla,0,0,0,0,1
8469467,Chuck,Kobasew,1,0,0,1,0
8474601,Yann,Sauve,0,0,0,0,1
8472370,Jordan,Hendry,0,0,0,0,1
8471853,Nicolas,Blanchard,1,0,0,0,1
8473568,Andreas,Nodl,1,0,0,0,1
8469765,Marc-Andre,Bergeron,0,0,0,0,1
8470137,Joni,Pitkanen,0,0,0,0,1
8459492,Vinny,Prospal,1,0,0,0,1
8476834,Roman,Cervenka,1,0,0,0,1
8470265,Anton,Babchuk,0,0,0,1,0
8471321,Brett,Carson,0,0,0,1,0
8473414,Leland,Irving,0,0,1,0,1
8471807,Tom,Wandell,1,0,0,0,1
8462225,Filip,Kuba,0,0,0,0,1
8471912,Kevin,Henderson,1,0,0,0,1
8471701,Joe,Finley,0,0,0,0,1
8470192,Steve,Eminger,0,0,0,1,0
8471683,Brian,Lee,0,0,0,1,0
8471216,Cam,Barker,0,0,0,0,1
8470061,Derek,Meech,0,0,0,0,1
8476243,Iiro,Tarkki,0,0,1,0,1
8466181,Kristian,Huselius,1,0,0,0,1
8467915,Mike,Commodore,0,0,0,1,0
8457063,Nicklas,Lidstrom,0,0,0,0,1
8464984,Josh,Green,1,0,0,0,1
8474128,Milan,Kytnar,1,0,0,0,1
8471885,Chad,Rau,1,0,0,1,0
8474585,Tyler,Cuma,0,0,0,0,1
8471846,Kris,Fredheim,0,0,0,1,0
8473456,Rhett,Rakhshani,1,0,0,1,0
8469516,Brendan,Bell,0,0,0,0,1
8469480,Jeff,Woywitka,0,0,0,0,1
8474670,Andre,Petersson,1,0,0,1,0
8467913,Alex,Auld,0,0,1,0,1
8465210,Pavel,Kubina,0,0,0,1,0
8470615,Marc-Antoine,Pouliot,1,0,0,1,0
8460541,Richard,Park,1,0,0,1,0
8470678,Alexandre,Picard,0,0,0,0,1
8465005,Colin,White,0,0,0,0,1
8459429,Jason,Arnott,1,0,0,1,0
8471634,Ryan,Shannon,1,0,0,1,0
8470780,Mark,Flood,0,0,0,1,0
8474771,Peter,Mannino,0,0,1,0,1
8473913,Sean,Collins,0,0,0,1,0
8470741,Nigel,Dawes,1,0,0,0,1
8471848,Andrey,Zubarev,0,0,0,0,1
8467393,Jarkko,Ruutu,1,0,0,0,1
8450725,Mark,Recchi,1,0,0,0,1
8458943,Cory,Stillman,1,0,0,0,1
8467502,Ales,Kotalik,1,0,0,1,0
8458543,Jassen,Cullimore,0,0,0,0,1
8474730,Jonas,Holos,0,0,0,1,0
8474731,Justin,DiBenedetto,1,0,0,0,1
8469647,Derek,Boogaard,1,0,0,0,1
8468500,Alex,Frolov,1,0,0,1,0
8471756,Oskars,Bartulis,0,0,0,0,1
8460533,Dave,Scatchard,1,0,0,1,0
8471628,Rick,Rypien,1,0,0,1,0
8465113,Brian,Willsie,1,0,0,1,0
8484153,Leo,Carlsson,1,0,0,0,1
8473986,Alex,Killorn,1,0,0,0,1
8480001,Urho,Vaakanainen,0,0,0,0,1
8476329,Travis,Boyd,1,0,0,1,0
8483431,Logan,Cooley,1,0,0,0,1
8477956,David,Pastrnak,1,0,0,1,0
8483505,Matthew,Poitras,1,0,0,1,0
8474031,Kevin,Shattenkirk,0,0,0,1,0
8478413,Jordan,Greenway,1,0,0,0,1
8473449,Kyle,Okposo,1,0,0,1,0
8473446,Erik,Johnson,0,0,0,1,0
8475855,Jesper,Fast,1,0,0,1,0
8480830,Andrei,Svechnikov,1,0,0,0,1
8481611,Pyotr,Kochetkov,0,0,1,0,1
8480205,Emil,Bemstrom,1,0,0,1,0
8479941,Justin,Danforth,1,0,0,1,0
8480074,Alexandre,Texier,1,0,0,0,1
8481716,Dmitri,Voronkov,1,0,0,0,1
8483460,David,Jiricek,0,0,0,1,0
8478460,Zach,Werenski,0,0,0,0,1
8479346,Dillon,Dube,1,0,0,0,1
8478421,A.J.,Greer,1,0,0,0,1
8478396,Noah,Hanifin,0,0,0,0,1
8478435,Dan,Vladar,0,0,1,0,1
8476960,Andreas,Athanasiou,1,0,0,0,1
8479514,Rem,Pitlick,1,0,0,0,1
8476473,Connor,Murphy,0,0,0,1,0
8482192,Isaak,Phillips,0,0,0,0,1
8475852,Petr,Mrazek,0,0,1,0,1
8482821,Arvid,Soderblom,0,0,1,0,1
8484255,Jason,Polin,1,0,0,1,0
8477425,Miles,Wood,1,0,0,0,1
8480069,Cale,Makar,0,0,0,1,0
8476312,Josh,Manson,0,0,0,1,0
8478975,Mason,Marchment,1,0,0,0,1
8475825,Jani,Hakanpää,0,0,0,1,0
8480036,Miro,Heiskanen,0,0,0,0,1
8470600,Ryan,Suter,0,0,0,0,1
8477456,J.T.,Compher,1,0,0,1,0
8478432,Christian,Fischer,1,0,0,1,0
8478013,Jake,Walman,0,0,0,0,1
8477998,Warren,Foegele,1,0,0,0,1
8476393,Nick,Cousins,1,0,0,0,1
8479066,Ryan,Lomberg,1,0,0,0,1
8480185,Eetu,Luostarinen,1,0,0,0,1
8477986,Brandon,Montour,0,0,0,1,0
8479994,Jaret,Anderson-Dolan,1,0,0,0,1
8478882,Vladislav,Gavrikov,0,0,0,0,1
8478911,Matt,Roy,0,0,0,1,0
8480980,Connor,Dewar,1,0,0,0,1
8478136,Jake,Middleton,0,0,0,0,1
8478133,Jake,Evans,1,0,0,1,0
8481058,Jesse,Ylönen,1,0,0,1,0
8479415,Michael,McLeod,1,0,0,1,0
8476462,Dougie,Hamilton,0,0,0,1,0
8476525,Colin,Miller,0,0,0,1,0
8478495,Denis,Gurianov,1,0,0,0,1
8474679,Gustav,Nyquist,1,0,0,0,1
8481704,Juuso,Parssinen,1,0,0,0,1
8478851,Alexandre,Carrier,0,0,0,1,0
8479371,Dante,Fabbro,0,0,0,1,0
8474600,Roman,Josi,0,0,0,0,1
8478468,Jeremy,Lauzon,0,0,0,0,1
8475231,Casey,Cizikas,1,0,0,0,1
8478115,Pierre,Engvall,1,0,0,0,1
8479328,Julien,Gauthier,1,0,0,1,0
8476419,Jean-Gabriel,Pageau,1,0,0,1,0
8474009,Nick,Bonino,1,0,0,0,1
8480078,Filip,Chytil,1,0,0,0,1
8478550,Artemi,Panarin,1,0,0,1,0
8476885,Jacob,Trouba,0,0,0,1,0
8478048,Igor,Shesterkin,0,0,1,0,1
8473512,Claude,Giroux,1,0,0,1,0
8480801,Brady,Tkachuk,1,0,0,0,1
8480879,Jacob,Bernard-Docker,0,0,0,1,0
8478469,Thomas,Chabot,0,0,0,0,1
8482245,Artem,Zub,0,0,0,1,0
8476914,Joonas,Korpisalo,0,0,1,0,1
8476461,Sean,Couturier,1,0,0,0,1
8480015,Owen,Tippett,1,0,0,1,0
8476372,Nick,Seeler,0,0,0,0,1
8478569,Noel,Acciari,1,0,0,1,0
8471675,Sidney,Crosby,1,0,0,0,1
8476442,Matt,Nieto,1,0,0,0,1
8475810,Bryan,Rust,1,0,0,1,0
8475191,Reilly,Smith,1,0,0,0,1
8481206,John,Ludvig,0,0,0,0,1
8477244,Chad,Ruhwedel,0,0,0,1,0
8477968,Alex,Nedeljkovic,0,0,1,0,1
8477416,Oliver,Bjorkstrand,1,0,0,1,0
8477444,Andre,Burakovsky,1,0,0,0,1
8478840,Will,Borgen,0,0,0,1,0
8474884,Mike,Hoffman,1,0,0,0,1
8481477,Nico,Sturm,1,0,0,0,1
8476988,Matt,Benning,0,0,0,1,0
8479439,Jacob,MacDonald,0,0,0,0,1
8478039,Kaapo,Kahkonen,0,0,1,0,1
8475763,Kevin,Hayes,1,0,0,0,1
8476438,Brandon,Saad,1,0,0,0,1
8475170,Brayden,Schenn,1,0,0,0,1
8479718,Alex,Barré-Boulet,1,0,0,0,1
8477353,Tyler,Motte,1,0,0,0,1
8476931,Jake,McCabe,0,0,0,0,1
8481535,Nils,Hoglander,1,0,0,0,1
8483808,Andrei,Kuzmenko,1,0,0,1,0
8478043,Sam,Lafferty,1,0,0,1,0
8474013,Ian,Cole,0,0,0,0,1
8477507,Nikita,Zadorov,0,0,0,0,1
8480007,Jonas,Rondbjerg,1,0,0,0,1
8481600,Tobias,Bjornfot,0,0,0,0,1
8474166,Alec,Martinez,0,0,0,0,1
8482149,Cole,Perfetti,1,0,0,0,1
8476460,Mark,Scheifele,1,0,0,1,0
8480990,Declan,Chisholm,0,0,0,0,1
8475455,Brenden,Dillon,0,0,0,0,1
8477979,Nicolas,Aube-Kubel,1,0,0,1,0
8477511,Anthony,Mantha,1,0,0,0,1
8478440,Dylan,Strome,1,0,0,0,1
8476449,Scott,Harrington,0,0,0,0,1
8477460,Laurent,Dauphin,1,0,0,0,1
8482067,Connor,Mackey,0,0,0,0,1
8467950,Craig,Anderson,0,0,1,0,1
8482623,Josh,Dunne,1,0,0,0,1
8479945,Gavin,Bayreuther,0,0,0,0,1
8482399,Billy,Sweezey,0,0,0,1,0
8473604,Jonathan,Toews,1,0,0,0,1
8471794,Darren,Helm,1,0,0,0,1
8476948,Charles,Hudon,1,0,0,0,1
8477501,Valeri,Nichushkin,1,0,0,0,1
8482712,Oskar,Olausson,1,0,0,0,1
8481013,Jonatan,Berggren,1,0,0,0,1
8477944,Jakub,Vrana,1,0,0,0,1
8474089,Brad,Malone,1,0,0,0,1
8483158,Matthew,Berlin,0,0,1,0,1
8480037,Aleksi,Heponiemi,1,0,0,0,1
8481239,Samuel,Fagemo,1,0,0,1,0
8481550,Adam,Beckman,1,0,0,0,1
8483549,Lucas,Condotta,1,0,0,0,1
8482691,Aatu,Raty,1,0,0,0,1
8480833,Vitali,Kravtsov,1,0,0,0,1
8481679,Maxence,Guenette,0,0,0,1,0
8480263,Dylan,Ferguson,0,0,1,0,1
8480842,Filip,Hallander,1,0,0,0,1
8480883,Ty,Smith,0,0,0,0,1
8474682,Dustin,Tokarski,0,0,1,0,1
8483524,Shane,Wright,1,0,0,1,0
8479985,Cale,Fleury,0,0,0,1,0
8475461,Andrew,Agozzino,1,0,0,0,1
8479304,Kyle,Criscuolo,1,0,0,1,0
8478431,Evgeny,Svechnikov,1,0,0,0,1
8477180,Aaron,Dell,0,0,1,0,1
8470880,Brian,Elliott,0,0,1,0,1
8480977,Semyon,Der-Arguchintsev,1,0,0,1,0
8482634,Alex,Steeves,1,0,0,0,1
8474818,Jordie,Benn,0,0,0,0,1
8480439,Mac,Hollowell,0,0,0,1,0
8481668,Arturs,Silovs,0,0,1,0,1
8481441,Joe,Snively,1,0,0,0,1
8475795,Dylan,McIlrath,0,0,0,1,0
8479933,Gerry,Mayhew,1,0,0,1,0
8474291,Jay,Beagle,1,0,0,1,0
8481827,Ben,McCartney,1,0,0,0,1
8474849,Antoine,Roussel,1,0,0,0,1
8478480,Blake,Speers,1,0,0,1,0
8480373,Josef,Korenar,0,0,1,0,1
8477355,Will,Butcher,0,0,0,0,1
8475920,Michael,Houser,0,0,1,0,1
8480466,Joey ,Keane,0,0,0,1,0
8478567,Dean,Kukan,0,0,0,0,1
8476455,Gabriel,Landeskog,1,0,0,0,1
8480988,Riley,Damiani,1,0,0,1,0
8476966,Gemel,Smith,1,0,0,0,1
8469608,Mike,Smith,0,0,1,0,1
8481655,Cole,Schwindt,1,0,0,1,0
8478906,Markus,Nutivaara,0,0,0,0,1
8479597,Chase,Priskie,0,0,0,1,0
8476924,Martin,Frk,1,0,0,1,0
8478250,Vladimir,Tkachev,1,0,0,1,0
8478029,Chase,De Leo,1,0,0,0,1
8480054,Reilly,Walsh,0,0,0,1,0
8480029,Alex,Formenton,1,0,0,0,1
8474584,Michael,Del Zotto,0,0,0,0,1
8479986,Kole,Lind,1,0,0,1,0
8480384,Alexander,True,1,0,0,0,1
8479373,Jonathan,Dahlen,1,0,0,0,1
8481597,Hugo,Alnefelt,0,0,1,0,1
8477474,Madison,Bowey,0,0,0,1,0
8471769,Niklas,Hjalmarsson,0,0,0,0,1
8471804,Nathan,Gerbe,1,0,0,0,1
8474736,Zac,Rinaldo,1,0,0,0,1
8480769,Joel,L'Esperance,1,0,0,1,0
8475729,Mark,Alt,0,0,0,1,0
8474125,Carl,Gunnarsson,0,0,0,0,1
8476861,Oscar,Dansk,0,0,1,0,1
8477314,Brian,Pinho,1,0,0,1,0
8475748,Dalton,Smith,1,0,0,0,1
8479557,Calvin,Thurkauf,1,0,0,0,1
8470657,Jimmy,Howard,0,0,1,0,1
8475254,Gabriel,Dumont,1,0,0,1,0
8476043,Ben,Street,1,0,0,0,1
8474774,Dalton,Prout,0,0,0,1,0
8476195,Cory,Conacher,1,0,0,0,1
8476406,Nicholas,Shore,1,0,0,1,0
8481642,Andrei,Chibisov,1,0,0,0,1
8479268,Casey,Nelson,0,0,0,1,0
8474152,Scott,Darling,0,0,1,0,1
8476431,Adam,Clendening,0,0,0,1,0
8477865,Jake,Chelios,0,0,0,0,1
8480363,Kaden,Fulcher,0,0,1,0,1
8475755,Alexander,Petrovic,0,0,0,1,0
8480955,Bogdan,Kiselevich,0,0,0,0,1
8476370,Blake,Pietila,1,0,0,0,1
8474659,Matt,Donovan,0,0,0,0,1
8479206,Tanner,Fritz,1,0,0,1,0
8473992,Justin,Falk,0,0,0,0,1
8471339,Ryan,Callahan,1,0,0,1,0
8471958,Dan,Girardi,0,0,0,1,0
8476617,Tomas,Hyka,1,0,0,1,0
8475758,Devante,Smith-Pelly,1,0,0,1,0
8477634,Trevor,Murphy,0,0,0,0,1
8477591,Josh,Jooris,1,0,0,1,0
8477449,Morgan,Klimchuk,1,0,0,0,1
8477583,Curtis,Valk,1,0,0,0,1
8468309,Mark,Streit,0,0,0,0,1
8470609,Steve,Bernier,1,0,0,1,0
8476401,Daniel,Catenacci,1,0,0,0,1
8471715,Ondrej,Pavelec,0,0,1,0,1
8469665,Johnny,Oduya,0,0,0,0,1
8476890,Patrick,Sieloff,0,0,0,0,1
8476302,Frank,Corrado,0,0,0,1,0
8475788,Alexander,Burmistrov,1,0,0,0,1
8478063,Shane,Gersich,1,0,0,0,1
8471232,Lauri,Korpikoski,1,0,0,0,1
8474727,Ben,Smith,1,0,0,1,0
8474605,Patrick,Wiercioch,0,0,0,0,1
8474092,Jeremy,Smith,0,0,1,0,1
8475192,Taylor,Beck,1,0,0,1,0
8470104,Tom,Gilbert,0,0,0,1,0
8467496,Andrei,Markov,0,0,0,0,1
8467371,Mike,Ribeiro,1,0,0,0,1
8470159,Boyd,Gordon,1,0,0,1,0
8474707,Philip,Larsen,0,0,0,1,0
8470171,Max,Talbot,1,0,0,0,1
8475980,Brody,Sutter,1,0,0,1,0
8474661,Michal,Jordan,0,0,0,0,1
8475829,John,Ramage,0,0,0,1,0
8475650,Brandon,Bollig,1,0,0,0,1
8471222,Ladislav,Smid,0,0,0,0,1
8473972,Jonas,Hiller,0,0,1,1,0
8467389,Brad,Richards,1,0,0,0,1
8466333,Andrew,Ference,0,0,0,0,1
8471348,Nikita,Nikitin,0,0,0,0,1
8475153,Dylan,Olsen,0,0,0,0,1
8467329,Vincent,Lecavalier,1,0,0,0,1
8476352,Michael,Mersch,1,0,0,0,1
8470120,Alexander,Semin,1,0,0,1,0
8475681,Ben,Scrivens,0,0,1,0,1
8470714,Corey,Potter,0,0,0,1,0
8473589,Chris,Summers,0,0,0,0,1
8476062,Mark,Arcobello,1,0,0,1,0
8475247,Michael,Latta,1,0,0,1,0
8470647,B.J.,Crombeen,1,0,0,1,0
8475309,Jerry,D'Amigo,1,0,0,0,1
8471185,Curtis,Glencross,1,0,0,0,1
8471879,Kyle,Cumiskey,0,0,0,0,1
8474591,Tom,McCollum,0,0,1,0,1
8469485,Derek,Roy,1,0,0,0,1
8476426,David,Musil,0,0,0,0,1
8469542,Stephane,Veilleux,1,0,0,0,1
8471748,Mark,Fraser,0,0,0,0,1
8474535,Chris,Mueller,1,0,0,1,0
8477084,Mackenzie,Skapski,0,0,1,0,1
8464956,Chris,Phillips,0,0,0,0,1
8471767,Blair,Jones,1,0,0,1,0
8476339,Dominik,Uher,1,0,0,0,1
8470063,Adam,Burish,1,0,0,1,0
8457981,Teemu,Selanne,1,0,0,1,0
8475845,Justin,Florek,1,0,0,0,1
8476319,Nathan,Lieuwen,0,0,1,0,1
8462044,Jean-Sebastien,Giguere,0,0,1,0,1
8459444,Todd,Bertuzzi,1,0,0,0,1
8470123,Cam,Janssen,1,0,0,1,0
8476367,John,Persson,1,0,0,0,1
8468101,Radek,Martinek,0,0,0,1,0
8473932,Darroll,Powe,1,0,0,0,1
8464966,Derek,Morris,0,0,0,1,0
8471700,Matt,Pelech,1,0,0,1,0
8469779,Keith,Aucoin,1,0,0,0,1
8475190,Jamie,Devane,1,0,0,0,1
8473712,Frazer,McLaren,1,0,0,0,1
8469626,Andrew,Alberts,0,0,0,0,1
8474598,Nicolas,Deschamps,1,0,0,0,1
8473505,Peter,LeBlanc,1,0,0,0,1
8462077,Jochen,Hecht,1,0,0,0,1
8474705,Mark,Olver,1,0,0,0,1
8470777,Francis,Wathier,1,0,0,0,1
8473526,Peter,Mueller,1,0,0,1,0
8473616,Jonathan,Rheault,1,0,0,1,0
8460719,Steve,Sullivan,1,0,0,1,0
8474666,David,Ullstrom,1,0,0,0,1
8469755,Brandon,Segal,1,0,0,1,0
8470896,Steve,MacIntyre,1,0,0,0,1
8459457,Jamie,Langenbrunner,1,0,0,1,0
8471705,Brendan,Mikkelson,0,0,0,0,1
8464999,Mathieu,Garon,0,0,1,1,0
8474607,Max,Sauve,1,0,0,0,1
8468086,Alexandre,Giroux,1,0,0,0,1
8471868,Ryan,Russell,1,0,0,0,1
8469120,Raitis,Ivanans,1,0,0,0,1
8475431,Henrik,Karlsson,0,0,1,0,1
8459596,Andrew,Brunette,1,0,0,0,1
8471730,Evan,Brophey,1,0,0,0,1
8475173,Scott,Glennie,1,0,0,1,0
8467453,Andrew,Raycroft,0,0,1,0,1
8460743,Tomas,Holmstrom,1,0,0,0,1
8466371,John,Madden,1,0,0,0,1
8473444,Jon,Matsumoto,1,0,0,0,1
8471386,Scott,Parse,1,0,0,1,0
8474042,Cody,Almond,1,0,0,0,1
8470299,Erik,Christensen,1,0,0,0,1
8470603,Andrei,Kostitsyn,1,0,0,0,1
8471365,Steven,Zalewski,1,0,0,0,1
8470301,Andre,Deveaux,1,0,0,1,0
8471941,Mike,Duco,1,0,0,0,1
8471268,Victor,Oreskovich,1,0,0,1,0
8470294,DJ,King,1,0,0,0,1
8470321,Patrick,Rissmiller,1,0,0,0,1
8474194,Timo,Pielmeier,0,0,1,0,1
8459004,Craig,Rivet,0,0,0,1,0
8474002,Colby,Cohen,0,0,0,1,0
8471265,Raymond,Sawada,1,0,0,1,0
8464962,Ruslan,Salei,0,0,0,0,1
8475677,Linus,Klasen,1,0,0,0,1
8470651,Jeremy,Colliton,1,0,0,1,0
8474063,Mark,Katic,0,0,0,0,1
8470072,Petr,Prucha,1,0,0,1,0
8471011,Garrett,Stafford,0,0,0,1,0
8468577,Niclas,Wallin,0,0,0,0,1
8467511,Antero,Niittymaki,0,0,1,0,1
8474592,Philip,McRae,1,0,0,0,1
8473997,Luca,Caputi,1,0,0,0,1
8471863,Mario,Bliznak,1,0,0,0,1
8468599,Brian,Fahey,0,0,0,1,0
8468846,Tyler,Sloan,0,0,0,0,1
8480870,Bo,Groulx,1,0,0,0,1
8475164,Jakob,Silfverberg,1,0,0,1,0
8480184,Gustav,Lindström,0,0,0,1,0
8482699,Dylan,Guenther,1,0,0,1,0
8481711,Matias,Maccelli,1,0,0,0,1
8480891,Michael,Kesselring,0,0,0,1,0
8481609,Vladislav,Kolyachonok,0,0,0,0,1
8481556,John,Beecher,1,0,0,0,1
8478046,Danton,Heinen,1,0,0,0,1
8473419,Brad,Marchand,1,0,0,0,1
8479546,Oskar,Steen,1,0,0,1,0
8474037,James,van Riemsdyk,1,0,0,0,1
8475762,Derek,Forbort,0,0,0,0,1
8480280,Jeremy,Swayman,0,0,1,0,1
8484166,Adam,Fantilli,1,0,0,0,1
8476346,Johnny,Gaudreau,1,0,0,0,1
8478458,Jack,Roslovic,1,0,0,1,0
8478500,Ivan,Provorov,0,0,0,0,1
8478397,Rasmus,Andersson,0,0,0,1,0
8484144,Connor,Bedard,1,0,0,1,0
8476278,Colin,Blackwell,1,0,0,1,0
8483466,Kevin,Korchinski,0,0,0,0,1
8475793,Ryan,Johansen,1,0,0,1,0
8481524,Bowen ,Byram,0,0,0,0,1
8471677,Jack,Johnson,0,0,0,0,1
8480848,Ty,Dellandrea,1,0,0,1,0
8480027,Jason,Robertson,1,0,0,0,1
8475794,Tyler,Seguin,1,0,0,1,0
8477946,Dylan,Larkin,1,0,0,0,1
8474102,David,Perron,1,0,0,1,0
8480813,Joe,Veleno,1,0,0,0,1
8476906,Shayne,Gostisbehere,0,0,0,0,1
8480802,Ryan,McLeod,1,0,0,0,1
8479576,Vincent,Desharnais,0,0,0,1,0
8477493,Aleksander,Barkov,1,0,0,0,1
8478904,Steven,Lorentz,1,0,0,0,1
8478831,Kevin,Stenlund,1,0,0,1,0
8475179,Dmitry,Kulikov,0,0,0,0,1
8477960,Adrian,Kempe,1,0,0,0,1
8473453,Trevor,Lewis,1,0,0,1,0
8477971,Andreas,Englund,0,0,0,0,1
8481606,Jordan,Spence,0,0,0,1,0
8477451,Ryan,Hartman,1,0,0,1,0
8475149,Marcus,Johansson,1,0,0,0,1
8479968,Vinni,Lettieri,1,0,0,1,0
8482197,Adam,Raska,1,0,0,1,0
8476463,Jonas,Brodin,0,0,0,0,1
8477989,Christian,Dvorak,1,0,0,0,1
8480192,Johnathan,Kovacevic,0,0,0,1,0
8475233,David,Savard,0,0,0,1,0
8480051,Cayden,Primeau,0,0,1,0,1
8479407,Jesper,Bratt,1,0,0,0,1
8477931,Tomas,Nosek,1,0,0,0,1
8478507,John,Marino,0,0,0,1,0
8483495,Simon,Nemec,0,0,0,1,0
8474090,Brendan,Smith,0,0,0,0,1
8474568,Luke,Schenn,0,0,0,1,0
8480947,Kevin,Lankinen,0,0,1,0,1
8481601,Simon,Holmstrom,1,0,0,0,1
8476429,Scott,Mayfield,0,0,0,1,0
8478965,Kenneth,Appleby,0,0,1,0,1
8478009,Ilya,Sorokin,0,0,1,0,1
8475184,Chris,Kreider,1,0,0,0,1
8476918,Jimmy,Vesey,1,0,0,0,1
8480208,Drake,Batherson,1,0,0,1,0
8479345,Jakob,Chychrun,0,0,0,0,1
8481553,Bobby,Brink,1,0,0,1,0
8471724,Kris,Letang,0,0,0,1,0
8478407,Vince,Dunn,0,0,0,0,1
8480821,Filip,Zadina,1,0,0,0,1
8479983,Mario,Ferraro,0,0,0,0,1
8480172,Jan,Rutta,0,0,0,1,0
8476897,Oskar,Sundqvist,1,0,0,1,0
8482516,Matthew,Kessel,0,0,0,1,0
8476412,Jordan,Binnington,0,0,1,0,1
8480246,Nick,Perbix,0,0,0,1,0
8477479,Tyler,Bertuzzi,1,0,0,0,1
8475714,Calle,Jarnkrok,1,0,0,1,0
8482259,Bobby,McMann,1,0,0,0,1
8475166,John,Tavares,1,0,0,0,1
8476858,Phillip,Di Giuseppe,1,0,0,0,1
8478017,Mark,Friedman,0,0,0,1,0
8481032,Paul,Cotter,1,0,0,0,1
8477018,Ben,Hutton,0,0,0,0,1
8474565,Alex,Pietrangelo,0,0,0,1,0
8478499,Adin,Hill,0,0,1,0,1
8478891,Mason,Appleton,1,0,0,1,0
8477940,Nikolaj,Ehlers,1,0,0,0,1
8475343,Nic,Dowd,1,0,0,1,0
8475744,Evgeny,Kuznetsov,1,0,0,0,1
8481656,Aliaksei,Protas,1,0,0,0,1
8476441,Joel,Edmundson,0,0,0,0,1
8480031,Max,Comtois,1,0,0,0,1
8478446,Glenn,Gawdin,1,0,0,1,0
8476439,Brett,Ritchie,1,0,0,1,0
8480979,Nathan,Smith,1,0,0,1,0
8475747,Patrik,Nemeth,0,0,0,0,1
8479578,Casey,Fitzgerald,0,0,0,1,0
8482179,Justin,Richards,1,0,0,1,0
8471418,Anton,Khudobin,0,0,1,0,1
8471774,Alex,Stalock,0,0,1,0,1
8478512,Austin,Czarnik,1,0,0,1,0
8481598,Philip,Broberg,0,0,0,0,1
8471887,Patric,Hornqvist,1,0,0,1,0
8470595,Eric,Staal,1,0,0,0,1
8479523,Lucas,Carlsson,0,0,0,0,1
8476390,Joseph,Cramarossa,1,0,0,0,1
8480275,Nick,Swaney,1,0,0,1,0
8482081,Sean,Farrell,1,0,0,0,1
8481461,Corey,Schueneman,0,0,0,0,1
8475227,Chris,Wideman,0,0,0,1,0
8481585,Egor,Afanasyev,1,0,0,0,1
8481077,John,Leonard,1,0,0,0,1
8481056,Spencer,Stastney,0,0,0,0,1
8478367,Cole,Bardreau,1,0,0,1,0
8480071,Robin,Salo,0,0,0,0,1
8477887,Patrick,Brown,1,0,0,1,0
8479322,Wade,Allison,1,0,0,1,0
8480245,Olle,Lycksell,1,0,0,0,1
8474027,Justin,Braun,0,0,0,1,0
8480874,Adam,Ginning,0,0,0,0,1
8482101,Danil,Gushchin,1,0,0,0,1
8481812,Nikolai,Knyzhov,0,0,0,0,1
8481070,Hugh,McGing,1,0,0,0,1
8481043,Cole,Koepke,1,0,0,0,1
8484254,Akito,Hirose,0,0,0,0,1
8480420,Collin,Delia,0,0,1,0,1
8477357,Saku,Maenalanen,1,0,0,0,1
8481530,Brayden,Tracey,1,0,0,0,1
8476288,Ryan,Dzingel,1,0,0,0,1
8476345,Gregory,Hofmann,1,0,0,0,1
8470755,Brad,Richardson,1,0,0,0,1
8480293,Wyatt,Kalynuk,0,0,0,0,1
8471260,Blake,Comeau,1,0,0,1,0
8478486,Chase,Pearson,1,0,0,0,1
8474098,Colton,Sceviour,1,0,0,1,0
8471729,Kris,Russell,0,0,0,0,1
8481489,Jon,Lizotte,0,0,0,0,1
8480858,Cam,Hillis,1,0,0,1,0
8480306,Grant,Hutton,0,0,0,1,0
8471239,Cory,Schneider,0,0,1,0,1
8478074,Anthony,Angello,1,0,0,1,0
8475820,Joonas,Donskoi,1,0,0,1,0
8478447,Nick,Merkley,1,0,0,1,0
8480060,Scott,Reedy,1,0,0,1,0
8476509,Maxime,Lagace,0,0,1,0,1
8475413,Justin,Dowling,1,0,0,0,1
8479974,Nolan,Patrick,1,0,0,1,0
8475215,Robin,Lehner,0,0,1,0,1
8474176,Carl,Hagelin,1,0,0,0,1
8479516,Garrett,Pilon,1,0,0,1,0
8480944,Par,Lindholm,1,0,0,0,1
8474000,Steven,Kampfer,0,0,0,1,0
8481813,Gaetan,Haas,1,0,0,1,0
8480946,Dominik,Kahun,1,0,0,0,1
8477366,Luke,Johnson,1,0,0,1,0
8474749,Matt,Bartkowski,0,0,0,0,1
8471233,Travis,Zajac,1,0,0,1,0
8478488,Filip,Chlapik,1,0,0,0,1
8479571,Joachim,Blichfeld,1,0,0,1,0
8480761,Mitch,Reinke,0,0,0,1,0
8476344,Tyler,Graovac,1,0,0,0,1
8474091,Brandon,Sutter,1,0,0,1,0
8473560,Korbinian,Holzer,0,0,0,1,0
8474008,Paul,Carey,1,0,0,0,1
8477417,Peter,Cehlarik,1,0,0,0,1
8476409,Alan,Quine,1,0,0,0,1
8474250,Zack,Smith,1,0,0,0,1
8470645,Corey,Crawford,0,0,1,0,1
8477312,Antoine,Bibeau,0,0,1,0,1
8477529,Colby,Cave,1,0,0,0,1
8476440,Markus,Granlund,1,0,0,0,1
8478839,Aleksi,Saarela,1,0,0,0,1
8469465,Dan,Hamhuis,0,0,0,0,1
8479424,German,Rubtsov,1,0,0,0,1
8477922,Melker,Karlsson,1,0,0,1,0
8475841,Tim,Heed,0,0,0,1,0
8470257,Alexander,Steen,1,0,0,0,1
8470151,Jay,Bouwmeester,0,0,0,0,1
8474611,Cameron,Gaunce,0,0,0,0,1
8475907,Micheal,Ferland,1,0,0,0,1
8471717,Adam,McQuaid,0,0,0,1,0
8475323,Marcus,Kruger,1,0,0,0,1
8480954,Jacob,Nilsson,1,0,0,0,1
8473673,David,Schlemko,0,0,0,0,1
8473468,Eric,Gryba,0,0,0,1,0
8477959,Joshua,Ho-Sang,1,0,0,1,0
8473584,Andrew,MacDonald,0,0,0,0,1
8480143,Jakub,Jerabek,0,0,0,0,1
8481425,Josh,Teves,0,0,0,0,1
8473614,Richard,Bachman,0,0,1,0,1
8481486,Jimmy,Schuldt,0,0,0,0,1
8476476,Joe,Morrow,0,0,0,0,1
8468498,Brooks,Orpik,0,0,0,0,1
8467967,Chris,Kelly,1,0,0,0,1
8475436,Mike,Liambas,1,0,0,0,1
8469598,Kevin,Bieksa,0,0,0,1,0
8475878,Freddie,Hamilton,1,0,0,1,0
8477491,Nick,Baptiste,1,0,0,1,0
8476330,Adam,Wilcox,0,0,1,0,1
8470854,Tanner,Glass,1,0,0,0,1
8470162,Matt,Stajan,1,0,0,0,1
8471346,Kris,Versteeg,1,0,0,1,0
8480153,Victor,Ejdsell,1,0,0,0,1
8471742,Cody,Franson,0,0,0,1,0
8476619,Zack,Mitchell,1,0,0,1,0
8471811,Cal,O'Reilly,1,0,0,0,1
8468486,Scott,Hartnell,1,0,0,0,1
8473579,Nikolay,Kulemin,1,0,0,0,1
8471663,Mike,Blunden,1,0,0,1,0
8470105,Scottie,Upshall,1,0,0,0,1
8473574,Shawn,Matthias,1,0,0,0,1
8474130,Corey,Tropp,1,0,0,1,0
8475800,Teemu,Pulkkinen,1,0,0,1,0
8471254,Bryan,Bickell,1,0,0,0,1
8473537,Viktor,Stalberg,1,0,0,0,1
8477566,Sergey,Tolchinsky,1,0,0,0,1
8476279,Jyrki,Jokipakka,0,0,0,0,1
8469770,Dennis,Wideman,0,0,0,1,0
8470750,John,Mitchell,1,0,0,0,1
8475296,Mitch,Callahan,1,0,0,1,0
8471816,Mark,Fayne,0,0,0,1,0
8476416,Dillon,Simpson,0,0,0,0,1
8475361,Jonas,Gustavsson,0,0,1,0,1
8474052,Chris,Terry,1,0,0,0,1
8469707,PA,Parenteau,1,0,0,1,0
8476158,Harry,Zolnierczyk,1,0,0,0,1
8470640,Matt,Carle,0,0,0,0,1
8477881,Connor,Jones,1,0,0,0,1
8478376,Casey,Bailey,1,0,0,1,0
8475769,Quinton,Howden,1,0,0,0,1
8475291,Garrett,Mitchell,1,0,0,1,0
8471390,Mike,Santorelli,1,0,0,1,0
8478999,Niklas ,Treutle,0,0,1,0,1
8476944,Brendan,Woods,1,0,0,0,1
8473550,Andrew,Bodnarchuk,0,0,0,0,1
8475299,Joni,Ortio,0,0,1,0,1
8474168,Joakim,Andersson,1,0,0,0,1
8460720,Eric,Boulton,1,0,0,0,1
8469623,Marek,Zidlicky,0,0,0,1,0
8467096,Dan,Boyle,0,0,0,1,0
8469469,R.J.,Umberger,1,0,0,0,1
8475775,Tye,McGinn,1,0,0,0,1
8468504,Brad,Boyes,1,0,0,1,0
8475836,Alex,Friesen,1,0,0,0,1
8477076,JC,Lipon,1,0,0,1,0
8475162,Mat,Clark,0,0,0,1,0
8470798,Dylan,Reese,0,0,0,1,0
8476363,Brian,Ferlin,1,0,0,1,0
8467346,Simon,Gagne,1,0,0,0,1
8472365,Bobby,Robins,1,0,0,1,0
8469591,Cody,McCormick,1,0,0,1,0
8474135,Brett,Bellemore,0,0,0,1,0
8474609,Luke,Adam,1,0,0,0,1
8467917,Jordan,Leopold,0,0,0,0,1
8470666,Daniel,Carcillo,1,0,0,0,1
8475266,Tomas,Vincour,1,0,0,1,0
8477410,Bogdan,Yakimov,1,0,0,0,1
8470189,David,Van Der Gulik,1,0,0,0,1
8471636,Tim,Sestito,1,0,0,0,1
8477127,Raman,Hrabarenka,0,0,0,1,0
8465166,Craig,Adams,1,0,0,1,0
8469473,Marcel,Goc,1,0,0,0,1
8470662,Colin,Fraser,1,0,0,0,1
8455710,Martin,Brodeur,0,0,1,0,1
8474603,Eric,O'Dell,1,0,0,1,0
8470685,Alexander,Sulzer,0,0,0,0,1
8475303,Connor,Knapp,0,0,1,0,1
8474030,Aaron,Palushaj,1,0,0,1,0
8473908,Kevin,Westgarth,1,0,0,1,0
8464981,Cory,Sarich,0,0,0,1,0
8460621,Daniel,Alfredsson,1,0,0,1,0
8475332,Adam,Almquist,0,0,0,0,1
8470268,Denis,Grebeshkov,0,0,0,0,1
8474077,Carson,McMillan,1,0,0,1,0
8470216,Josh,Harding,0,0,1,1,0
8475198,Joonas,Nattinen,1,0,0,1,0
8476445,Johan,Sundstrom,1,0,0,1,0
8467931,Matt,Carkner,0,0,0,1,0
8467881,Taylor,Pyatt,1,0,0,0,1
8476205,Stephane,Da Costa,1,0,0,1,0
8466215,Joe,Corvo,0,0,0,1,0
8470816,Jay,Rosehill,1,0,0,0,1
8476763,Calvin,Heeter,0,0,1,0,1
8471842,Tim,Kennedy,1,0,0,0,1
8477082,Dmitry,Korobov,0,0,0,0,1
8476304,David,Broll,1,0,0,0,1
8473600,Benn,Ferriero,1,0,0,1,0
8469752,Pascal,Pelletier,1,0,0,0,1
8475602,Casey,Wellman,1,0,0,1,0
8460561,Sheldon,Souray,0,0,0,0,1
8473484,Kaspars,Daugavins,1,0,0,0,1
8460577,Milan,Hejduk,1,0,0,1,0
8470273,Ian,White,0,0,0,1,0
8465050,Eric,Belanger,1,0,0,0,1
8465122,Brett,Clark,0,0,0,0,1
8466398,Tom,Kostopoulos,1,0,0,1,0
8471670,Guillaume,Latendresse,1,0,0,0,1
8468520,Kurtis,Foster,0,0,0,1,0
8470774,Bruno,Gervais,0,0,0,1,0
8462052,Brian,Boucher,0,0,1,0,1
8467580,Mark,Eaton,0,0,0,0,1
8471312,JT,Wyman,1,0,0,1,0
8471409,Andrew,Gordon,1,0,0,1,0
8468704,Antti,Miettinen,1,0,0,1,0
8467943,Niklas,Hagman,1,0,0,0,1
8460612,Marty,Turco,0,0,1,0,1
8474220,Jerome,Samson,1,0,0,1,0
8467439,Jaroslav,Spacek,0,0,0,0,1
8474729,Mike,Murphy,0,0,1,0,1
8470838,Andrew,Joudrey,1,0,0,0,1
8467304,Andy,Sutton,0,0,0,0,1
8474153,Michal,Repik,1,0,0,1,0
8464979,Marco,Sturm,1,0,0,0,1
8472361,Bill,Thomas,1,0,0,1,0
8470329,Chris,Campoli,0,0,0,0,1
8471741,Teemu,Laakso,0,0,0,1,0
8467579,Trevor,Gillies,1,0,0,0,1
8474634,Evgeny,Grachev,1,0,0,1,0
8471668,Mattias,Ritola,1,0,0,0,1
8468881,Jason,Jaffray,1,0,0,0,1
8474050,Brett,MacLean,1,0,0,1,0
8471694,Kenndal,McArdle,1,0,0,0,1
8472379,Tim,Stapleton,1,0,0,1,0
8471978,Brett,Festerling,0,0,0,0,1
8462176,Brent,Sopel,0,0,0,1,0
8475105,Dan,Sexton,1,0,0,1,0
8470263,David,Leneveu,0,0,1,0,1
8460527,Ryan,Johnson,1,0,0,0,1
8470203,Greg,Mauldin,1,0,0,1,0
8468506,Brian,Sutherby,1,0,0,0,1
8460580,Brad,Lukowich,0,0,0,0,1
8458568,Chris,Osgood,0,0,1,0,1
8471324,Liam,Reddox,1,0,0,0,1
8470605,Hugh,Jessiman,1,0,0,1,0
8470113,John,Zeiler,1,0,0,1,0
8474222,Maxim,Noreau,0,0,0,1,0
8471429,Tyler,Eckford,0,0,0,0,1
8471411,Chad,Kolarik,1,0,0,1,0
8468502,David,Hale,0,0,0,0,1
8467927,Andrew,Hutchinson,0,0,0,1,0
8474762,Stefan,Della Rovere,1,0,0,0,1
8471753,T.J.,Hensick,1,0,0,1,0
8475950,Marcel,Mueller,1,0,0,0,1
8473931,Lee,Sweatt,0,0,0,1,0
8475842,Sam,Carrick,1,0,0,1,0
8481517,Brett,Leason,1,0,0,1,0
8480806,Isac,Lundestrom,1,0,0,0,1
8478971,Connor,Ingram,0,0,1,0,1
8475745,Charlie,Coyle,1,0,0,1,0
8478443,Brandon,Carlo,0,0,0,1,0
8479325,Charlie,McAvoy,0,0,0,1,0
8476999,Linus,Ullmark,0,0,1,0,1
8484145,Zach,Benson,1,0,0,0,1
8481522,Peyton,Krebs,1,0,0,0,1
8479999,Casey,Mittelstadt,1,0,0,0,1
8477949,Alex,Tuch,1,0,0,1,0
8480839,Rasmus,Dahlin,0,0,0,0,1
8480835,Jack,Drury,1,0,0,0,1
8480829,Jesperi,Kotkaniemi,1,0,0,0,1
8480039,Martin,Necas,1,0,0,1,0
8475883,Frederik,Andersen,0,0,1,0,1
8482475,Yegor,Chinakhov,1,0,0,0,1
8483565,Nick,Blankenburg,0,0,0,1,0
8475790,Erik,Gudbranson,0,0,0,1,0
8476923,Damon,Severson,0,0,0,1,0
8476399,Blake,Coleman,1,0,0,0,1
8477987,Ryan,Donato,1,0,0,0,1
8480025,MacKenzie,Entwistle,1,0,0,1,0
8474870,Tyler,Johnson,1,0,0,1,0
8477492,Nathan,MacKinnon,1,0,0,1,0
8481186,Logan,O'Connor,1,0,0,1,0
8478420,Mikko,Rantanen,1,0,0,0,1
8479398,Samuel,Girard,0,0,0,0,1
8480382,Alexandar,Georgiev,0,0,1,0,1
8481031,Ivan,Prosvetov,0,0,1,0,1
8473994,Jamie,Benn,1,0,0,0,1
8475168,Matt,Duchene,1,0,0,0,1
8476874,Olli,Maatta,0,0,0,0,1
8481542,Moritz,Seider,0,0,0,1,0
8478402,Connor,McDavid,1,0,0,0,1
8476879,Cody,Ceci,0,0,0,1,0
8477933,Sam,Reinhart,1,0,0,1,0
8477409,Carter,Verhaeghe,1,0,0,0,1
8479400,Pierre-Luc,Dubois,1,0,0,0,1
8481481,Blake,Lizotte,1,0,0,0,1
8481557,Matt,Boldy,1,0,0,0,1
8477919,Frederick,Gaudreau,1,0,0,1,0
8474716,Jared,Spurgeon,0,0,0,1,0
8470594,Marc-Andre,Fleury,0,0,1,0,1
8480887,Jordan,Harris,0,0,0,0,1
8476875,Mike,Matheson,0,0,0,0,1
8480032,Shane,Bowers,1,0,0,0,1
8482125,Alexander,Holtz,1,0,0,1,0
8482076,Nico,Daws,0,0,1,0,1
8476887,Filip,Forsberg,1,0,0,1,0
8478438,Tommy,Novak,1,0,0,0,1
8480222,Sebastian,Aho,0,0,0,0,1
8474145,Robert,Bortuzzo,0,0,0,1,0
8482157,Will,Cuylle,1,0,0,0,1
8476624,Barclay,Goodrow,1,0,0,0,1
8479323,Adam,Fox,0,0,0,1,0
8479324,Ryan,Lindgren,0,0,0,0,1
8480448,Parker,Kelly,1,0,0,0,1
8481544,Mads,Sogaard,0,0,1,0,1
8480336,Sean,Walker,0,0,0,1,0
8474189,Lars,Eller,1,0,0,0,1
8482241,Radim,Zohorna,1,0,0,0,1
8474586,Jordan,Eberle,1,0,0,1,0
8481789,Tye,Kartye,1,0,0,0,1
8475768,Jaden,Schwartz,1,0,0,0,1
8479977,Kailer,Yamamoto,1,0,0,1,0
8475208,Brian,Dumoulin,0,0,0,0,1
8482222,Alexander,Barabanov,1,0,0,0,1
8477846,Ryan,Carpenter,1,0,0,1,0
8482667,William,Eklund,1,0,0,0,1
8480188,Fabian,Zetterlund,1,0,0,1,0
8481059,Scott,Perunovich,0,0,0,0,1
8479591,Michael,Eyssimont,1,0,0,0,1
8476822,Luke,Glendening,1,0,0,1,0
8477426,Nicholas,Paul,1,0,0,0,1
8474564,Steven,Stamkos,1,0,0,1,0
8480144,David,Kampf,1,0,0,0,1
8474673,TJ,Brodie,0,0,0,0,1
8476853,Morgan,Rielly,0,0,0,0,1
8480800,Quinn,Hughes,0,0,0,0,1
8477369,Carson,Soucy,0,0,0,0,1
8475278,Byron,Froese,1,0,0,1,0
8481520,Isaiah,Saville,0,0,1,1,0
8476331,Dylan,DeMelo,0,0,0,1,0
8473563,Nicklas,Backstrom,1,0,0,0,1
8471698,T.J.,Oshie,1,0,0,1,0
8476880,Tom,Wilson,1,0,0,1,0
8480796,Martin,Fehervary,0,0,0,0,1
8475324,Nick,Jensen,0,0,0,1,0
8483630,Pavol,Regenda,1,0,0,0,1
8480042,Olle,Eriksson Ek,0,0,1,0,1
8475178,Zack,Kassian,1,0,0,1,0
8477941,Nick,Ritchie,1,0,0,0,1
8479533,Joona,Koppanen,1,0,0,0,1
8479335,Rasmus,Asplund,1,0,0,0,1
8477480,Eric,Comrie,0,0,1,0,1
8481690,Tyler,Angle,1,0,0,0,1
8474161,Jakub,Voracek,1,0,0,0,1
8481161,Jake,Christiansen,0,0,0,0,1
8481692,Dustin,Wolf,0,0,1,0,1
8480846,Sampo,Ranta,1,0,0,0,1
8476310,Lukas,Sedlak,1,0,0,0,1
8481725,Elmer,Soderblom,1,0,0,0,1
8482762,Simon,Edvinsson,0,0,0,0,1
8482077,Dylan,Holloway,1,0,0,0,1
8475789,Jack,Campbell,0,0,1,0,1
8477361,Cal,Petersen,0,0,1,1,0
8479356,Kieffer,Bellows,1,0,0,0,1
8480242,Arnaud,Durandeau,1,0,0,0,1
8479395,Dennis,Cholowski,0,0,0,0,1
8473544,Derick,Brassard,1,0,0,0,1
8481422,Jacob,Lucchini,1,0,0,0,1
8474207,Nick,Holden,0,0,0,0,1
8481575,Lassi,Thomson,0,0,0,1,0
8480867,Kevin,Mandolese,0,0,1,0,1
8482654,Jackson,Cates,1,0,0,0,1
8480836,Jonathan,Gruden,1,0,0,0,1
8482133,Thomas,Bordeleau,1,0,0,0,1
8479375,William,Bitten,1,0,0,1,0
8480157,Calle,Rosen,0,0,0,0,1
8480041,Dmitri,Samorukov,0,0,0,0,1
8470621,Corey,Perry,1,0,0,1,0
8481720,Nick,Abruzzese,1,0,0,0,1
8483183,Jett,Alexander,0,0,1,0,1
8484287,Cole,McWard,0,0,0,1,0
8481572,Ville,Heinola,0,0,0,0,1
8479321,Lucas,Johansen,0,0,0,0,1
8478866,Dominik,Simon,1,0,0,0,1
8474688,Greg,Pateryn,0,0,0,1,0
8471695,Tuukka,Rask,0,0,1,0,1
8475796,Mark,Pysyk,0,0,0,1,0
8475234,J-F,Berube,0,0,1,0,1
8471284,Andrej,Sekera,0,0,0,0,1
8474651,Braden,Holtby,0,0,1,0,1
8477003,Riley,Barber,1,0,0,1,0
8477240,Carter,Rowney,1,0,0,1,0
8479355,Olli,Juolevi,0,0,0,0,1
8470281,Duncan,Keith,0,0,0,0,1
8475156,Mikko,Koskinen,0,0,1,0,1
8476391,T.J.,Tynan,1,0,0,1,0
8478996,Adam,Brooks,1,0,0,0,1
8473618,Mathieu,Perreault,1,0,0,0,1
8479511,Janne,Kuokkanen,1,0,0,0,1
8473541,Jonathan,Bernier,0,0,1,0,1
8480019,Isaac,Ratcliffe,1,0,0,0,1
8481552,Artemi,Kniazev,0,0,0,0,1
8480847,Ryan,Merkley,0,0,0,1,0
8475098,Tyler,Bozak,1,0,0,1,0
8469455,Jason,Spezza,1,0,0,1,0
8477472,Carl,Dahlstrom,0,0,0,0,1
8482408,Jeff,Malott,1,0,0,0,1
8476191,Kevan,Miller,0,0,0,1,0
8476356,Tobias,Rieder,1,0,0,0,1
8481001,Veini,Vehvilainen,0,0,1,0,1
8478027,Lucas,Wallmark,1,0,0,0,1
8471227,Devan,Dubnyk,0,0,1,0,1
8480221,Drake,Rymsha,1,0,0,1,0
8473564,Michael,Frolik,1,0,0,0,1
8476443,Xavier,Ouellet,0,0,0,0,1
8474579,Luca,Sbisa,0,0,0,0,1
8480201,Maksim,Sushko,1,0,0,0,1
8479358,Carsen,Twarynski,1,0,0,0,1
8477680,Josh,Currie,1,0,0,1,0
8478069,Daniel,Walcott,1,0,0,0,1
8470147,Curtis,McElhinney,0,0,1,0,1
8475844,Kenny,Agostino,1,0,0,0,1
8477544,Philippe,Maillet,1,0,0,0,1
8476207,Brian,Gibbons,1,0,0,0,1
8479188,David ,Ayres,0,0,1,0,1
8477448,Marko,Dano,1,0,0,0,1
8481630,Alexander,Yelesin,0,0,0,1,0
8478073,Anton,Lindholm,0,0,0,0,1
8470318,Jonathan,Ericsson,0,0,0,0,1
8471242,Mike,Green,0,0,0,1,0
8478176,Joe,Hicketts,0,0,0,0,1
8475430,Brandon,Manning,0,0,0,0,1
8477850,Christian,Folin,0,0,0,1,0
8474571,Mikkel,Boedker,1,0,0,0,1
8468493,Ron,Hainsey,0,0,0,0,1
8473485,Chris,Stewart,1,0,0,1,0
8480341,Adam,Johnson,1,0,0,0,1
8476953,Trevor,Carrick,0,0,0,0,1
8476857,Pontus,Aberg,1,0,0,1,0
8477958,Nikolay,Goldobin,1,0,0,0,1
8477458,Valentin,Zykov,1,0,0,1,0
8476987,Jake,Bischoff,0,0,0,0,1
8473914,Mark,Letestu,1,0,0,1,0
8478417,Jakob,Forsbacka Karlsson,1,0,0,1,0
8473534,Patrik,Berglund,1,0,0,0,1
8479416,Ben,Gleason,0,0,0,0,1
8479016,Landon ,Bow,0,0,1,0,1
8475263,Wade,Megan,1,0,0,0,1
8477994,Dominic,Turgeon,1,0,0,0,1
8470803,Kyle,Brodziak,1,0,0,1,0
8479970,Joseph,Gambardella,1,0,0,0,1
8477452,Ian,McCoshen,0,0,0,0,1
8466141,Roberto,Luongo,0,0,1,0,1
8470611,Eric,Fehr,1,0,0,1,0
8468611,Matt,Hendricks,1,0,0,0,1
8479330,Brandon,Gignac,1,0,0,0,1
8471657,Cody,McLeod,1,0,0,0,1
8472410,Stephen,Gionta,1,0,0,1,0
8477237,Mike,Condon,0,0,1,0,1
8464989,Matt,Cullen,1,0,0,0,1
8471761,Chris,Butler,0,0,0,0,1
8475277,Edward,Pasquale,0,0,1,0,1
8476423,Reid,Boucher,1,0,0,0,1
8476799,Cameron,Schilling,0,0,0,0,1
8466251,Jason,Chimera,1,0,0,0,1
8468535,Antoine,Vermette,1,0,0,0,1
8473499,Reto,Berra,0,0,1,0,1
8479755,Victor,Antipin,0,0,0,0,1
8469638,Jussi,Jokinen,1,0,0,0,1
8480330,Spencer,Foo,1,0,0,1,0
8448208,Jaromir,Jagr,1,0,0,0,1
8474642,Lance,Bouma,1,0,0,0,1
8479138,Scott ,Foster,0,0,1,0,1
8477428,Justin,Auger,1,0,0,1,0
8471338,Torrey,Mitchell,1,0,0,1,0
8471476,Daniel,Winnik,1,0,0,0,1
8470358,Alexandre,Burrows,1,0,0,0,1
8476116,Ryan,Garbutt,1,0,0,0,1
8469760,Zbynek,Michalek,0,0,0,1,0
8471251,Justin,Peters,0,0,1,0,1
8471269,Nicklas,Grossmann,0,0,0,0,1
8462042,Jarome,Iginla,1,0,0,1,0
8470201,Jiri,Hudler,1,0,0,0,1
8476471,Mark,McNeill,1,0,0,1,0
8476526,Ben,Thomson,1,0,0,0,1
8475274,Seth,Helgeson,0,0,0,0,1
8471996,Bracken,Kearns,1,0,0,0,1
8467493,Chris,Neil,1,0,0,1,0
8468513,Nick,Schultz,0,0,0,0,1
8476911,Tanner,Richard,1,0,0,0,1
8470599,Milan,Michalek,1,0,0,0,1
8477916,Borna,Rendulic,1,0,0,1,0
8471681,Jack,Skille,1,0,0,1,0
8477997,Nikita,Tryamkin,0,0,0,0,1
8470614,Mark,Stuart,0,0,0,0,1
8474765,Anders,Lindback,0,0,1,0,1
8470039,Tomas,Fleischmann,1,0,0,0,1
8471309,Johan,Franzen,1,0,0,0,1
8471245,Dave,Bolland,1,0,0,1,0
8476235,Justin,Fontaine,1,0,0,1,0
8470871,Chris,Porter,1,0,0,0,1
8476451,Lucas,Lessio,1,0,0,0,1
8476209,Mike,Sislo,1,0,0,1,0
8471362,Mikhail,Grabovski,1,0,0,0,1
8467351,Scott,Gomez,1,0,0,0,1
8474516,Bryan,Lerg,1,0,0,0,1
8475150,Jordan,Caron,1,0,0,0,1
8474638,Andrew,Campbell,0,0,0,0,1
8476388,Andrey,Pedan,0,0,0,0,1
8474744,Sean,Collins,1,0,0,0,1
8467332,Bryan,Allen,0,0,0,0,1
8474606,Colby,Robak,0,0,0,0,1
8468524,Ilya,Bryzgalov,0,0,1,0,1
8475996,Brendan,Shinnimin,1,0,0,0,1
8475671,Matt,Fraser,1,0,0,0,1
8470018,Matt,Ellis,1,0,0,0,1
8474576,Zach,Boychuk,1,0,0,0,1
8470302,Patrick,Dwyer,1,0,0,1,0
8475214,Jeremy,Morin,1,0,0,1,0
8473647,Frédéric,St-Denis,0,0,0,0,1
8459670,Kimmo,Timonen,0,0,0,0,1
8464975,Daniel,Brière,1,0,0,1,0
8471718,Marc-Andre,Cliche,1,0,0,1,0
8475734,Curtis,Hamilton,1,0,0,0,1
8474594,Slava,Voynov,0,0,0,1,0
8467545,Michael,Ryder,1,0,0,1,0
8476227,Joe,Whitney,1,0,0,0,1
8467988,Ryan,Malone,1,0,0,0,1
8475917,Jason,Akeson,1,0,0,1,0
8469548,Ray,Emery,0,0,1,0,1
8473682,Andrew,Ebbett,1,0,0,0,1
8466158,Scott,Hannan,0,0,0,0,1
8475159,Carl,Klingberg,1,0,0,1,0
8475196,Ben,Hanowski,1,0,0,0,1
8476827,Chad,Billins,0,0,0,0,1
8477836,Matt,Carey,1,0,0,0,1
8475720,Kent,Simpson,0,0,1,0,1
8471514,Rich,Peverley,1,0,0,1,0
8458537,Ray,Whitney,1,0,0,1,0
8460703,Tim,Thomas,0,0,1,0,1
8471323,Ryan,Jones,1,0,0,0,1
8467428,Krys,Barch,1,0,0,0,1
8475118,Matt,Gilroy,0,0,0,1,0
8470309,Ryan,Whitney,0,0,0,0,1
8471352,Jake,Dowell,1,0,0,0,1
8475183,Louis,Leblanc,1,0,0,1,0
8468114,Douglas,Murray,0,0,0,0,1
8474582,Mattias,Tedenby,1,0,0,0,1
8476765,Mike,Halmo,1,0,0,0,1
8462047,Martin,Biron,0,0,1,0,1
8470232,Kris,Newbury,1,0,0,0,1
8459628,Hal,Gill,0,0,0,0,1
8477832,Cody,Kunyk,1,0,0,0,1
8468745,Jean-Philippe,Cote,0,0,0,0,1
8469569,Drew,MacIntyre,0,0,1,0,1
8467365,John,Erskine,0,0,0,0,1
8471246,Chris,Bourque,1,0,0,0,1
8459454,Jay,Pandolfo,1,0,0,0,1
8470283,Tim,Brent,1,0,0,1,0
8474629,Shawn,Lalonde,0,0,0,1,0
8473867,Greg,Rallo,1,0,0,1,0
8475304,Scott,Timmins,1,0,0,0,1
8474518,Davis,Drewiske,0,0,0,0,1
8467412,Alexei,Ponikarovsky,1,0,0,0,1
8476835,Daniel,Bang,1,0,0,0,1
8464967,Marty,Reasoner,1,0,0,0,1
8471314,Mike,Lundin,0,0,0,0,1
8458590,Mike,Knuble,1,0,0,1,0
8475102,Travis,Turnbull,1,0,0,1,0
8474693,Tomas,Kubalik,1,0,0,1,0
8459461,Brendan,Morrison,1,0,0,0,1
8470988,Bryan,Rodney,0,0,0,1,0
8470005,Mark,Cullen,1,0,0,0,1
8467466,Trent,Hunter,1,0,0,1,0
8476224,Chay,Genoway,0,0,0,0,1
8471697,Niclas,Bergfors,1,0,0,1,0
8473501,Ty,Wishart,0,0,0,0,1
8471714,Michael,Sauer,0,0,0,1,0
8462036,Daymond,Langkow,1,0,0,0,1
8473539,Carl,Sneep,0,0,0,1,0
8475097,Brad,Thiessen,0,0,1,0,1
8467959,Sebastien,Caron,0,0,1,0,1
8474146,Spencer,Machacek,1,0,0,1,0
8471238,Rob,Schremp,1,0,0,0,1
8469672,Aaron,Voros,1,0,0,0,1
8466144,Paul,Mara,0,0,0,0,1
8465026,Mark,Parrish,1,0,0,1,0
8470680,Ryan,Potulny,1,0,0,0,1
8471786,Ray,Macias,0,0,0,1,0
8470787,Drew,Bagnall,0,0,0,0,1
8475641,Brendon,Nash,0,0,0,0,1
8466216,Adam,Mair,1,0,0,1,0
8473605,Alexander,Vasyunov,1,0,0,1,0
8460502,Wade,Belak,1,0,0,1,0
8476208,Matt,Campanale,0,0,0,0,1
8466392,Todd,White,1,0,0,0,1
8467361,Blair,Betts,1,0,0,0,1
8467964,Mike,Comrie,1,0,0,0,1
8468252,Eric,Godard,1,0,0,1,0
8474085,Johan,Harju,1,0,0,0,1
8467906,Jonas,Andersson,1,0,0,0,1
8479368,Max,Jones,1,0,0,0,1
8482745,Mason,McTavish,1,0,0,0,1
8476458,Ryan,Strome,1,0,0,1,0
8475462,Radko,Gudas,0,0,0,1,0
8483490,Pavel,Mintyukov,0,0,0,0,1
8475760,Nick,Bjugstad,1,0,0,1,0
8478408,Travis,Dermott,0,0,0,0,1
8480434,Sean,Durzi,0,0,0,1,0
8478872,Karel,Vejmelka,0,0,1,1,0
8479365,Trent,Frederic,1,0,0,0,1
8478450,Parker,Wotherspoon,0,0,0,0,1
8483548,Brandon,Bussi,0,0,1,1,0
8481528,Dylan,Cozens,1,0,0,1,0
8482097,Jack,Quinn,1,0,0,1,0
8480035,Henri,Jokiharju,0,0,0,1,0
8480807,Mattias,Samuelsson,0,0,0,0,1
8480045,Ukko-Pekka,Luukkonen,0,0,1,0,1
8482093,Seth,Jarvis,1,0,0,1,0
8482660,Kent,Johnson,1,0,0,0,1
8476374,Sean,Kuraly,1,0,0,0,1
8479369,Andrew,Peeke,0,0,0,1,0
8477484,Spencer,Martin,0,0,1,0,1
8478007,Elvis,Merzlikins,0,0,1,0,1
8477496,Elias,Lindholm,1,0,0,1,0
8478502,Dennis,Gilbert,0,0,0,0,1
8475690,Chris,Tanev,0,0,0,1,0
8478463,Anthony,Beauvillier,1,0,0,0,1
8477450,Jason,Dickinson,1,0,0,0,1
8473422,Nick,Foligno,1,0,0,0,1
8481641,Joel,Kiviranta,1,0,0,0,1
8477476,Artturi,Lehkonen,1,0,0,0,1
8477073,Kurtis,MacDermid,0,0,0,0,1
8470794,Joe,Pavelski,1,0,0,1,0
8475225,Craig,Smith,1,0,0,1,0
8477810,Joel,Hanley,0,0,0,0,1
8479337,Alex,DeBrincat,1,0,0,1,0
8475718,Justin,Holl,0,0,0,1,0
8481479,Brogan,Rafferty,0,0,0,1,0
8480274,Philip,Kemp,0,0,0,1,0
8476967,Brett,Kulak,0,0,0,0,1
8479973,Stuart,Skinner,0,0,1,0,1
8478542,Evan,Rodrigues,1,0,0,1,0
8475683,Sergei,Bobrovsky,0,0,1,0,1
8477942,Kevin,Fiala,1,0,0,0,1
8482155,Alex,Laferriere,1,0,0,1,0
8479998,Mikey,Anderson,0,0,0,0,1
8479421,Jacob,Moverare,0,0,0,0,1
8474034,Pat,Maroon,1,0,0,0,1
8475692,Mats,Zuccarello,1,0,0,0,1
8475750,Jon,Merrill,0,0,0,0,1
8479406,Filip,Gustavsson,0,0,1,0,1
8476469,Joel,Armia,1,0,0,1,0
8481523,Kirby,Dach,1,0,0,1,0
8477497,Sean,Monahan,1,0,0,0,1
8476871,Tanner,Pearson,1,0,0,0,1
8474596,Jake,Allen,0,0,1,0,1
8480002,Nico,Hischier,1,0,0,0,1
8481559,Jack,Hughes,1,0,0,0,1
8482110,Dawson,Mercer,1,0,0,1,0
8477970,Vitek,Vanecek,0,0,1,0,1
8477446,Michael,McCarron,1,0,0,1,0
8478508,Yakov,Trenin,1,0,0,0,1
8475197,Tyson,Barrie,0,0,0,1,0
8477424,Juuse,Saros,0,0,1,0,1
8478445,Mathew,Barzal,1,0,0,1,0
8477392,Hudson,Fasching,1,0,0,1,0
8475314,Anders,Lee,1,0,0,0,1
8475754,Brock,Nelson,1,0,0,0,1
8476389,Vincent,Trocheck,1,0,0,1,0
8481708,Zac,Jones,0,0,0,0,1
8482092,Ridly,Greig,1,0,0,0,1
8479772,Zack,MacEwen,1,0,0,1,0
8475765,Vladimir,Tarasenko,1,0,0,0,1
8480220,Noah,Cates,1,0,0,0,1
8480797,Joel,Farabee,1,0,0,0,1
8477903,Garnet,Hathaway,1,0,0,1,0
8480068,Ryan,Poehling,1,0,0,0,1
8475176,Ryan,Ellis,0,0,0,1,0
8471686,Marc,Staal,0,0,0,0,1
8470604,Jeff,Carter,1,0,0,1,0
8477930,Pierre-Edouard,Bellemare,1,0,0,0,1
8476913,Devin,Shore,1,0,0,0,1
8476904,Chris,Driedger,0,0,1,0,1
8480884,Calen,Addison,0,0,0,1,0
8476792,Torey,Krug,0,0,0,0,1
8477839,Conor,Sheary,1,0,0,0,1
8479393,Noah,Gregor,1,0,0,0,1
8480995,Pontus,Holmberg,1,0,0,0,1
8478483,Mitchell,Marner,1,0,0,1,0
8481122,Simon,Benoit,0,0,0,0,1
8478021,William,Lagesson,0,0,0,0,1
8478492,Ilya,Samsonov,0,0,1,0,1
8478057,Dakota,Joshua,1,0,0,0,1
8481024,Linus,Karlsson,1,0,0,1,0
8477967,Thatcher,Demko,0,0,1,0,1
8480727,Zach,Whitecloud,0,0,0,1,0
8480145,Neal,Pionk,0,0,0,1,0
8477220,Nate,Schmidt,0,0,0,0,1
8476316,Laurent,Brossoit,0,0,1,0,1
8476945,Connor,Hellebuyck,0,0,1,0,1
8474157,Max,Pacioretty,1,0,0,0,1
8474590,John,Carlson,0,0,0,1,0
8479292,Charlie,Lindgren,0,0,1,1,0
8474683,Derek,Grant,1,0,0,0,1
8477993,Justin,Kirkland,1,0,0,0,1
8481563,Drew,Helleson,0,0,0,1,0
8478062,Dysin,Mayo,0,0,0,1,0
8470638,Patrice,Bergeron,1,0,0,1,0
8480196,Jacob,Bryson,0,0,0,0,1
8479348,Kale,Clague,0,0,0,0,1
8478131,Ondrej,Kase,1,0,0,1,0
8476907,Mackenzie,MacEachern,1,0,0,0,1
8471669,Paul,Stastny,1,0,0,0,1
8484125,Hunter,McKown,1,0,0,1,0
8483620,Marcus,Bjork,0,0,0,1,0
8482982,Jet,Greaves,0,0,1,0,1
8479291,Kevin,Rooney,1,0,0,0,1
8480328,David,Gust,1,0,0,1,0
8478881,Brett,Seney,1,0,0,0,1
8478211,Dryden,Hunt,1,0,0,0,1
8476779,Brad,Hunt,0,0,0,0,1
8480216,Jacob,Peterson,1,0,0,0,1
8483464,Marco,Kasper,1,0,0,0,1
8479338,Markus,Niemelainen,0,0,0,0,1
8476396,Steven,Fogarty,1,0,0,1,0
8480994,Damien,Giroux,1,0,0,0,1
8479972,Mason,Shaw,1,0,0,0,1
8480267,Sammy,Walker,1,0,0,1,0
8474573,Josh,Bailey,1,0,0,0,1
8477433,Ben,Harpur,0,0,0,0,1
8481596,Shane,Pinto,1,0,0,1,0
8478491,Jacob,Larsson,0,0,0,0,1
8482447,Leevi,Merilainen,0,0,1,0,1
8482452,Elliot,Desnoyers,1,0,0,0,1
8479423,Alex,Nylander,1,0,0,1,0
8482834,Jesper,Froden,1,0,0,1,0
8477401,John,Hayden,1,0,0,1,0
8480901,Karson,Kuhlman,1,0,0,1,0
8479366,Logan,Brown,1,0,0,0,1
8480863,Gabriel,Fortier,1,0,0,0,1
8480820,Filip,Kral,0,0,0,0,1
8476899,Matt,Murray,0,0,1,0,1
8481683,Aidan,McDonough,1,0,0,0,1
8480776,Sheldon,Rempal,1,0,0,1,0
8475728,Johan,Larsson,1,0,0,0,1
8477343,Tyler,Lewington,0,0,0,1,0
8482061,Brandon,Biro,1,0,0,0,1
8475236,Cody,Eakin,1,0,0,0,1
8479289,Ethan,Prow,0,0,0,1,0
8479249,Andrew,Poturalski,1,0,0,1,0
8479581,Jack,LaFontaine,0,0,1,0,1
8479587,Rhett,Gardner,1,0,0,0,1
8471228,Alexander,Radulov,1,0,0,0,1
8476495,Seth,Griffith,1,0,0,1,0
8477943,Brendan,Perlini,1,0,0,0,1
8475246,Kevin,Connauton,0,0,0,0,1
8478915,Sami,Niku,0,0,0,0,1
8477512,Frederik,Gauthier,1,0,0,0,1
8477419,Mason,Geertsen,0,0,0,0,1
8477936,Michael,Dal Colle,1,0,0,0,1
8474066,Thomas,Hickey,0,0,0,0,1
8476400,Logan,Shaw,1,0,0,1,0
8482243,Linus,Sandin,1,0,0,1,0
8479534,Linus,Hogberg,0,0,0,0,1
8479512,Kasper,Bjorkqvist,1,0,0,0,1
8480945,Juuso,Riikola,0,0,0,0,1
8478467,Nicolas,Meloche,0,0,0,1,0
8471707,James,Neal,1,0,0,0,1
8479413,Sean,Day,0,0,0,0,1
8480259,Ben,Jones,1,0,0,0,1
8476407,Andy,Welinski,0,0,0,1,0
8474604,Aaron,Ness,0,0,0,0,1
8478888,Cameron,Hughes,1,0,0,0,1
8475213,Drew,Shore,1,0,0,1,0
8477046,Joakim,Ryan,0,0,0,0,1
8469459,Mikko,Koivu,1,0,0,0,1
8476381,Andrew,Shaw,1,0,0,1,0
8479381,Nick,Caamano,1,0,0,0,1
8475222,Sami,Vatanen,0,0,0,1,0
8470144,Frans,Nielsen,1,0,0,0,1
8477043,Christian,Djoos,0,0,0,0,1
8481442,Brady,Keeper,0,0,0,1,0
8477234,Troy,Grosenick,0,0,1,0,1
8470601,Braydon,Coburn,0,0,0,0,1
8474230,Micheal,Haley,1,0,0,0,1
8481640,Lean,Bergmann,1,0,0,0,1
8482248,Fredrik ,Handemark,1,0,0,0,1
8477963,Jayce,Hawryluk,1,0,0,1,0
8473546,Michael,Grabner,1,0,0,0,1
8476293,Scott,Wilson,1,0,0,0,1
8477337,John,Gilmour,0,0,0,0,1
8477973,Vladislav,Kamenev,1,0,0,0,1
8474569,Colin,Wilson,1,0,0,0,1
8474717,Mark,Barberio,0,0,0,0,1
8471392,Roman,Polak,0,0,0,1,0
8478036,Christoffer,Ehn,1,0,0,0,1
8476947,Nikolai,Prokhorkin,1,0,0,0,1
8474668,Dale,Weise,1,0,0,1,0
8476922,Boo,Nieves,1,0,0,0,1
8480247,Jonathan,Davidsson,1,0,0,1,0
8480314,Max,Veronneau,1,0,0,1,0
8481515,Danil,Yurtaykin,1,0,0,1,0
8474722,Luke,Witkowski,1,0,0,1,0
8477085,Ashton,Sautner,0,0,0,0,1
8480082,Justin,Kloos,1,0,0,1,0
8476971,Kevin,Roy,1,0,0,0,1
8477009,Jake,Dotchin,0,0,0,1,0
8473434,Chad,Johnson,0,0,1,0,1
8470740,Lee,Stempniak,1,0,0,1,0
8469506,Jason,Pominville,1,0,0,1,0
8470598,Thomas,Vanek,1,0,0,1,0
8475727,Ryan,Spooner,1,0,0,0,1
8474520,Jason,Garrison,0,0,0,0,1
8469514,Peter,Budaj,0,0,1,0,1
8476465,Ryan,Murphy,0,0,0,1,0
8474025,Eric,Tangradi,1,0,0,0,1
8475736,Connor,Brickley,1,0,0,0,1
8475423,Darren,Archibald,1,0,0,0,1
8475715,Oscar,Lindberg,1,0,0,0,1
8475982,Erik,Burgdoerfer,0,0,0,1,0
8475321,Phil,Varone,1,0,0,0,1
8480943,Igor,Ozhiganov,0,0,0,1,0
8474739,Tommy,Wingels,1,0,0,1,0
8474074,Paul,Postma,0,0,0,1,0
8470852,Matt,Moulson,1,0,0,0,1
8474743,Zach,Redmond,0,0,0,1,0
8475147,Jordan,Schroeder,1,0,0,1,0
8471710,Taylor,Chorney,0,0,0,0,1
8479595,Blake,Hillman,0,0,0,0,1
8476855,Nail,Yakupov,1,0,0,0,1
8474660,David,Warsofsky,0,0,0,0,1
8469500,Michael,Cammalleri,1,0,0,0,1
8477415,Anton,Slepyshev,1,0,0,1,0
8476397,Keegan,Lowe,0,0,0,0,1
8480164,Henrik,Haapala,1,0,0,0,1
8470724,Kyle,Quincey,0,0,0,0,1
8469466,Ales,Hemsky,1,0,0,1,0
8471976,David,Desharnais,1,0,0,0,1
8473440,Will,O'Neill,0,0,0,0,1
8468575,Dominic,Moore,1,0,0,0,1
8467875,Daniel,Sedin,1,0,0,0,1
8477466,Nick,Sorensen,1,0,0,1,0
8475155,Simon,Despres,0,0,0,0,1
8477715,Tyler,Gaudet,1,0,0,0,1
8473466,Ryan,White,1,0,0,1,0
8479115,Jorge ,Alves,0,0,1,0,1
8476289,Alexey,Marchenko,0,0,0,1,0
8476418,Robbie,Russo,0,0,0,1,0
8471682,Devin,Setoguchi,1,0,0,1,0
8476769,Bobby,Farnham,1,0,0,0,1
8476808,Brian,Flynn,1,0,0,1,0
8478963,Ryan,Johnston,0,0,0,1,0
8476798,Karl,Stollery,0,0,0,0,1
8473722,John,Scott,1,0,0,0,1
8474554,Eric,Selleck,1,0,0,0,1
8475194,Philip,Samuelsson,0,0,0,0,1
8476435,Alex,Khokhlachev,1,0,0,0,1
8470920,David,Clarkson,1,0,0,1,0
8477486,Emile,Poirier,1,0,0,0,1
8467452,Rob,Scuderi,0,0,0,0,1
8477300,Viktor,Svedberg,0,0,0,0,1
8468635,Travis,Moen,1,0,0,0,1
8471240,Jeff,Schultz,0,0,0,0,1
8473646,Ryan,Carter,1,0,0,0,1
8477923,Michael,Keranen,1,0,0,0,1
8473431,Bud,Holloway,1,0,0,1,0
8476379,Darren,Dietz,0,0,0,1,0
8469462,Tuomo,Ruutu,1,0,0,0,1
8478584,Vojtech,Mozik,0,0,0,1,0
8471186,Yann,Danis,0,0,1,0,1
8478559,Matthew,O'Connor,0,0,1,0,1
8470617,Mike,Richards,1,0,0,0,1
8475203,Jesse,Blacker,0,0,0,1,0
8466142,Eric,Brewer,0,0,0,0,1
8476844,Niklas,Svedberg,0,0,1,0,1
8475252,Matt,Hackett,0,0,1,0,1
8469476,Tim,Gleason,0,0,0,0,1
8469531,Jay,Harrison,0,0,0,0,1
8474095,Dana,Tyrell,1,0,0,0,1
8475148,Tim,Erixon,0,0,0,0,1
8467977,Brian,McGrattan,1,0,0,1,0
8467396,Erik,Cole,1,0,0,0,1
8475896,Brendan,Ranford,1,0,0,0,1
8472424,Ryan,Hamilton,1,0,0,0,1
8473911,Steven,Pinizzotto,1,0,0,1,0
8468540,Dan,Ellis,0,0,1,0,1
8465951,Matt,Cooke,1,0,0,0,1
8474772,Stu,Bickel,0,0,0,1,0
8466140,Olli,Jokinen,1,0,0,0,1
8468501,Anton,Volchenkov,0,0,0,0,1
8466378,Martin,St. Louis,1,0,0,0,1
8475723,Petr,Straka,1,0,0,0,1
8470867,Troy,Bodie,1,0,0,1,0
8476214,Brandon,DeFazio,1,0,0,0,1
8471208,Dustin,Penner,1,0,0,0,1
8471280,Nick,Johnson,1,0,0,1,0
8470596,Nathan,Horton,1,0,0,1,0
8470156,Joey,Crabb,1,0,0,1,0
8465914,Francis,Bouillon,0,0,0,0,1
8474855,Nathan,Lawson,0,0,1,0,1
8467925,Adam,Hall,1,0,0,1,0
8471450,Brandon,Yip,1,0,0,1,0
8471832,Nick,Drazenovic,1,0,0,0,1
8465202,Sami,Salo,0,0,0,1,0
8473638,Cedrick,Desjardins,0,0,1,1,0
8474754,Joacim,Eriksson,0,0,1,1,0
8474674,James,Wright,1,0,0,0,1
8471708,Ryan,Stoa,1,0,0,0,1
8469812,Chad,LaRose,1,0,0,1,0
8474615,Jared,Staal,1,0,0,1,0
8474049,Akim,Aliu,1,0,0,1,0
8459514,Jamal,Mayers,1,0,0,1,0
8473569,Jan,Mursak,1,0,0,1,0
8474719,Teemu,Hartikainen,1,0,0,0,1
8471402,Lennart,Petrell,1,0,0,0,1
8460535,Jose,Theodore,0,0,1,1,0
8469474,Colby,Armstrong,1,0,0,1,0
8465200,Tomas,Kaberle,0,0,0,0,1
8473944,Matt,Anderson,1,0,0,1,0
8476849,Harri,Pesonen,1,0,0,0,1
8469685,Andrew,Murray,1,0,0,0,1
8471234,Wojtek,Wolski,1,0,0,0,1
8467844,Jason,Blake,1,0,0,0,1
8473493,Ben,Maxwell,1,0,0,0,1
8476211,Carter,Camper,1,0,0,1,0
8470618,Anthony,Stewart,1,0,0,1,0
8465192,Samuel,Pahlsson,1,0,0,0,1
8471187,Brett,Lebda,0,0,0,0,1
8470708,Guillaume,Desbiens,1,0,0,1,0
8472262,Clay,Wilson,0,0,0,0,1
8471279,Sami,Lepisto,0,0,0,0,1
8468927,Steve,Montador,0,0,0,1,0
8458637,Sean,O'Donnell,0,0,0,0,1
8473722,John,Scott,0,0,0,0,1
8474552,Fabian,Brunnstrom,1,0,0,0,1
8467928,Doug,Janik,0,0,0,0,1
8469152,Ty,Conklin,0,0,1,0,1
8474046,Alex,Plante,0,0,0,1,0
8465059,Matt,Bradley,1,0,0,1,0
8471822,Brian,Foster,0,0,1,0,1
8468584,Jon,Disalvatore,1,0,0,1,0
8473511,David,McIntyre,1,0,0,0,1
8470580,Jed,Ortmeyer,1,0,0,1,0
8473999,Nick,Palmieri,1,0,0,1,0
8468887,Warren,Peters,1,0,0,0,1
8473608,Blake,Geoffrion,1,0,0,0,1
8473592,Vladimir,Zharkov,1,0,0,0,1
8470649,Patrick,O'Sullivan,1,0,0,0,1
8471821,Matt,Watkins,1,0,0,0,1
8474029,Cade,Fairchild,0,0,0,0,1
8467878,Tim,Connolly,1,0,0,1,0
8470905,Randy,Jones,0,0,0,0,1
8460661,Shane,Hnidy,0,0,0,1,0
8459640,Mike,Grier,1,0,0,1,0
8469472,Shaone,Morrisonn,0,0,0,0,1
8446485,Kris,Draper,1,0,0,0,1
8467856,Brian,Rafalski,0,0,0,1,0
8468432,Steve,Reinprecht,1,0,0,0,1
8473580,Matthew,Corrente,0,0,0,1,0
8467436,Jay,Leach,0,0,0,0,1
8469670,Marek,Svatos,1,0,0,1,0
8475990,Jamie,Doornbosch,0,0,0,0,1
8470809,Jeremy,Williams,1,0,0,1,0
8470800,Mike,Brodeur,0,0,1,0,1
8469461,Pascal,Leclaire,0,0,1,0,1
8470597,Nikolay,Zherdev,1,0,0,1,0
8474488,Matt,Climie,0,0,1,0,1
8469464,Fredrik,Sjostrom,1,0,0,0,1
8462093,Peter,Schaefer,1,0,0,0,1
8476934,Brock,McGinn,1,0,0,0,1
8478474,Lawson,Crouse,1,0,0,0,1
8480849,Barrett,Hayton,1,0,0,0,1
8479343,Clayton,Keller,1,0,0,0,1
8480855,Jack,McBain,1,0,0,0,1
8477384,Josh,Brown,0,0,0,1,0
8480003,Jesper,Boqvist,1,0,0,0,1
8479987,Morgan,Geekie,1,0,0,1,0
8480880,Jakub,Lauko,1,0,0,0,1
8473473,Milan,Lucic,1,0,0,0,1
8482511,Mason,Lohrei,0,0,0,0,1
8482175,JJ,Peterka,1,0,0,0,1
8480762,Eric,Robinson,1,0,0,0,1
8477365,Connor,Clifton,0,0,0,1,0
8481564,Ryan,Johnson,0,0,0,0,1
8482221,Devon,Levi,0,0,1,0,1
8477488,Brett,Pesce,0,0,0,1,0
8479339,Patrik,Laine,1,0,0,1,0
8479671,Mathieu,Olivier,1,0,0,1,0
8479402,Jake,Bean,0,0,0,0,1
8480871,Adam,Boqvist,0,0,0,1,0
8482652,Walker,Duehr,1,0,0,1,0
8478233,Andrew,Mangiapane,1,0,0,0,1
8478430,Oliver,Kylington,0,0,0,0,1
8479315,Joey,Anderson,1,0,0,1,0
8481147,Reese,Johnson,1,0,0,1,0
8477495,Seth,Jones,0,0,0,1,0
8475797,Jarred,Tinordi,0,0,0,0,1
8479458,Nikita,Zaitsev,0,0,0,1,0
8474149,Evgenii,Dadonov,1,0,0,0,1
8479351,Sam,Steel,1,0,0,0,1
8475809,Scott,Wedgewood,0,0,1,0,1
8474141,Patrick,Kane,1,0,0,0,1
8480011,Klim,Kostin,1,0,0,0,1
8477934,Leon,Draisaitl,1,0,0,0,1
8477454,Adam,Erne,1,0,0,0,1
8477406,Mattias,Janmark,1,0,0,0,1
8476454,Ryan,Nugent-Hopkins,1,0,0,0,1
8478585,Derek,Ryan,1,0,0,1,0
8479367,William,Lockwood,1,0,0,1,0
8478859,Niko,Mikkola,0,0,0,0,1
8476479,Phillip,Danault,1,0,0,0,1
8479336,Carl,Grundstrom,1,0,0,0,1
8479675,Trevor,Moore,1,0,0,0,1
8474563,Drew,Doughty,0,0,0,1,0
8479496,David,Rittich,0,0,1,0,1
8475660,Cam,Talbot,0,0,1,0,1
8478864,Kirill,Kaprizov,1,0,0,0,1
8482087,Kaiden,Guhle,0,0,0,0,1
8478470,Sam,Montembeault,0,0,1,0,1
8475726,Tyler,Toffoli,1,0,0,1,0
8480860,Kevin,Bahl,0,0,0,0,1
8480748,Kiefer,Sherwood,1,0,0,1,0
8476925,Colton,Sissons,1,0,0,1,0
8481577,Philip,Tomasino,1,0,0,1,0
8474151,Ryan,McDonagh,0,0,0,0,1
8477500,Bo,Horvat,1,0,0,0,1
8474709,Matt,Martin,1,0,0,0,1
8481541,Samuel,Bolduc,0,0,0,0,1
8480865,Noah,Dobson,0,0,0,1,0
8477506,Ryan,Pulock,0,0,0,1,0
8476422,Mike,Reilly,0,0,0,0,1
8473575,Semyon,Varlamov,0,0,1,0,1
8471218,Blake,Wheeler,1,0,0,1,0
8482073,Braden,Schneider,0,0,0,1,0
8471734,Jonathan,Quick,0,0,1,0,1
8480355,Mark,Kastelic,1,0,0,1,0
8477330,Dominik,Kubalik,1,0,0,0,1
8482116,Tim,Stützle,1,0,0,0,1
8474612,Travis,Hamonic,0,0,0,1,0
8477948,Travis,Sanheim,0,0,0,0,1
8481035,Samuel,Ersson,0,0,1,0,1
8479394,Carter,Hart,0,0,1,0,1
8477404,Jake,Guentzel,1,0,0,0,1
8471215,Evgeni,Malkin,1,0,0,0,1
8478400,Colin,White,1,0,0,1,0
8477435,Ryan,Graves,0,0,0,0,1
8474578,Erik,Karlsson,0,0,0,1,0
8477969,Marcus,Pettersson,0,0,0,0,1
8477955,Jared,McCann,1,0,0,0,1
8479293,Brandon,Tanev,1,0,0,0,1
8482858,Ryker,Evans,0,0,0,0,1
8476467,Jamie,Oleksiak,0,0,0,0,1
8476881,Tomas,Hertl,1,0,0,0,1
8478099,Kevin,Labanc,1,0,0,1,0
8479379,Givani,Smith,1,0,0,0,1
8481567,Henry,Thrun,0,0,0,0,1
8471709,Marc-Edouard,Vlasic,0,0,0,0,1
8482089,Jake,Neighbours,1,0,0,0,1
8480023,Robert,Thomas,1,0,0,1,0
8477573,Nathan,Walker,1,0,0,0,1
8478010,Brayden,Point,1,0,0,1,0
8482720,Matthew,Knies,1,0,0,0,1
8477939,William,Nylander,1,0,0,1,0
8471817,Ryan,Reaves,1,0,0,1,0
8475906,John,Klingberg,0,0,0,1,0
8480043,Timothy,Liljegren,0,0,0,1,0
8474162,Jake,Muzzin,0,0,0,0,1
8479982,Conor,Timmins,0,0,0,1,0
8476927,Teddy,Blueger,1,0,0,0,1
8474574,Tyler,Myers,0,0,0,1,0
8479193,Casey,DeSmith,0,0,1,0,1
8477964,Ivan,Barbashev,1,0,0,0,1
8482153,Brendan,Brisson,1,0,0,0,1
8475188,Brayden,McNabb,0,0,0,0,1
8477447,Shea,Theodore,0,0,0,0,1
8480289,Morgan,Barron,1,0,0,0,1
8477504,Josh,Morrissey,0,0,0,0,1
8480049,Dylan,Samberg,0,0,0,0,1
8482148,Hendrix,Lapierre,1,0,0,0,1
8480823,Alexander,Alexeyev,0,0,0,0,1
8478841,Colton,White,0,0,0,0,1
8478147,Bokondji,Imama,1,0,0,0,1
8471873,Anton,Stralman,0,0,0,1,0
8476234,Keith,Kinkaid,0,0,1,0,1
8479370,Tyson,Jost,1,0,0,0,1
8481751,Lukas,Rousek,1,0,0,0,1
8479388,Riley,Stillman,0,0,0,0,1
8479344,Jesse,Puljujarvi,1,0,0,1,0
8474613,Derek,Stepan,1,0,0,1,0
8480853,Liam,Foudy,1,0,0,0,1
8476867,Brendan,Gaunce,1,0,0,0,1
8481072,Tim,Berni,0,0,0,0,1
8474636,Michael,Hutchinson,0,0,1,1,0
8477210,Buddy,Robinson,1,0,0,1,0
8482176,Wyatt,Kaiser,0,0,0,0,1
8480831,Alec,Regula,0,0,0,1,0
8479380,Dylan,Wells,0,0,1,0,1
8483570,Ben,Meyers,1,0,0,0,1
8481433,Taro,Hirose,1,0,0,0,1
8479347,Tyler,Benson,1,0,0,0,1
8478870,Rudolfs,Balcers,1,0,0,0,1
8481518,Nolan,Foote,1,0,0,0,1
8480913,Jordan,Gross,0,0,0,1,0
8478373,Nikita,Soshnikov,1,0,0,0,1
8479991,Jake,Leschyshyn,1,0,0,0,1
8479333,Libor,Hajek,0,0,0,0,1
8470860,Jaroslav,Halak,0,0,1,0,1
8477467,Gustav,Olofsson,0,0,0,0,1
8482181,Tristen,Robins,1,0,0,1,0
8478058,CJ,Suess,1,0,0,0,1
8479705,Jeffrey,Viel,1,0,0,0,1
8480199,Eetu,Makiniemi,0,0,1,0,1
8478146,Matthew,Highmore,1,0,0,0,1
8479944,Zach,Aston-Reese,1,0,0,0,1
8475160,Kyle,Clifford,1,0,0,0,1
8479376,Victor,Mete,0,0,0,0,1
8482624,Daniil,Miromanov,0,0,0,1,0
8478476,Kyle,Capobianco,0,0,0,0,1
8482150,Jacob,Perreault,1,0,0,1,0
8481003,Hunter,Drew,0,0,0,1,0
8478425,Brendan,Guhle,0,0,0,0,1
8471217,Andrew,Ladd,1,0,0,0,1
8481626,Arttu,Ruotsalainen,1,0,0,0,1
8475792,Brett,Connolly,1,0,0,1,0
8476545,Kurtis,Gabriel,1,0,0,1,0
8480814,Nicolas,Beaudin,0,0,0,0,1
8478106,Dylan,Sikura,1,0,0,0,1
8476989,Petteri,Lindbohm,0,0,0,0,1
8476437,Victor,Rask,1,0,0,0,1
8477202,Andrew,Hammond,0,0,1,0,1
8474056,P.K.,Subban,0,0,0,1,0
8475209,Richard,Panik,1,0,0,0,1
8478485,Zach,Senyshyn,1,0,0,1,0
8479382,Connor,Bunnaman,1,0,0,0,1
8471735,Keith,Yandle,0,0,0,0,1
8470619,Brian,Boyle,1,0,0,0,1
8476323,Max,McCormick,1,0,0,0,1
8481061,Jasper,Weatherby,1,0,0,0,1
8476285,Matthew,Peca,1,0,0,0,1
8477461,Remi,Elie,1,0,0,0,1
8482815,Kirill,Semyonov,1,0,0,0,1
8480005,Kristian,Vesalainen,1,0,0,0,1
8480112,Hunter,Miska,0,0,1,0,1
8477391,Sean,Malone,1,0,0,0,1
8480063,David,Farrance,0,0,0,0,1
8479411,Vitaly,Abramov,1,0,0,0,1
8473573,Artem,Anisimov,1,0,0,0,1
8477405,Marcus,Hogberg,0,0,1,0,1
8477502,Samuel,Morin,1,0,0,0,1
8482369,Brinson,Pasichnuk,0,0,0,0,1
8480158,Andreas,Borgman,0,0,0,0,1
8471716,Justin,Abdelkader,1,0,0,0,1
8470110,Trevor,Daley,0,0,0,0,1
8474873,Brian,Lashoff,0,0,0,0,1
8475738,Jordan,Weal,1,0,0,1,0
8477972,Josh,Jacobs,0,0,0,1,0
8475902,Zach,Trotman,0,0,0,1,0
8471426,Troy,Brouwer,1,0,0,1,0
8471490,Adam,Cracknell,1,0,0,1,0
8479290,Kalle,Kossila,1,0,0,0,1
8471436,Matt,Hunwick,0,0,0,0,1
8477510,Kerby,Rychel,1,0,0,0,1
8470543,Chris,Kunitz,1,0,0,0,1
8470320,Cam,Ward,0,0,1,0,1
8473588,Erik,Condra,1,0,0,1,0
8477945,Julius,Honka,0,0,0,1,0
8481426,Ryan,Kuffner,1,0,0,0,1
8468509,Niklas,Kronwall,0,0,0,0,1
8476427,Ty,Rattie,1,0,0,1,0
8468001,Derek,MacKenzie,1,0,0,0,1
8473465,Jamie,McGinn,1,0,0,0,1
8480771,Daniel,Brickley,0,0,0,0,1
8475260,Corban,Knight,1,0,0,1,0
8475325,Jordan,Nolan,1,0,0,0,1
8476986,Marek,Langhamer,0,0,1,0,1
8476303,Rob,O'Gara,0,0,0,0,1
8471678,Benoit,Pouliot,1,0,0,0,1
8470324,Josh,Gorges,0,0,0,0,1
8476403,Klas,Dahlbeck,0,0,0,0,1
8476283,Alex,Broadhurst,1,0,0,0,1
8471301,Jeff,Glass,0,0,1,0,1
8477453,Chris,Bigras,0,0,0,0,1
8476464,Duncan,Siemens,0,0,0,0,1
8475310,Curtis,McKenzie,1,0,0,0,1
8471266,David,Booth,1,0,0,0,1
8476336,Iiro,Pakarinen,1,0,0,1,0
8479483,Yohann,Auvitu,0,0,0,0,1
8471219,Al,Montoya,0,0,1,0,1
8468085,Radim,Vrbata,1,0,0,1,0
8468483,Marian,Gaborik,1,0,0,0,1
8469639,Brooks,Laich,1,0,0,0,1
8477006,Christoph,Bertschy,1,0,0,1,0
8476386,Shane,Prince,1,0,0,0,1
8471498,Jannik,Hansen,1,0,0,1,0
8468208,Joel,Ward,1,0,0,1,0
8468542,Paul,Martin,0,0,0,0,1
8480163,Philip,Holm,0,0,0,0,1
8475770,Emerson,Etem,1,0,0,0,1
8474019,Tommy,Cross,0,0,0,0,1
8475876,Zane,McIntyre,0,0,1,0,1
8476766,Cole,Schneider,1,0,0,0,1
8469508,Jay,McClement,1,0,0,0,1
8475250,Andrej,Nestrasil,1,0,0,0,1
8466148,Marian,Hossa,1,0,0,0,1
8471504,Rene,Bourque,1,0,0,0,1
8476511,Samuel,Henley,1,0,0,0,1
8478371,Matt,Lorito,1,0,0,0,1
8475597,Shane,Harper,1,0,0,1,0
8471693,Jakub,Kindl,0,0,0,0,1
8473962,Teddy,Purcell,1,0,0,1,0
8480081,Michael,Kapla,0,0,0,0,1
8473942,Trevor,Smith,1,0,0,0,1
8471385,Adam,Pardy,0,0,0,0,1
8470630,Kevin,Klein,0,0,0,1,0
8476162,Steve,Oleksy,0,0,0,1,0
8473523,Jhonas,Enroth,0,0,1,0,1
8476414,Alexandre,Grenier,1,0,0,1,0
8476425,Joseph,LaBate,1,0,0,0,1
8475210,Anton,Rodin,1,0,0,0,1
8477091,Evan,McEneny,0,0,0,0,1
8476384,Max,Friberg,1,0,0,1,0
8471231,Kyle,Chipchura,1,0,0,0,1
8467338,Alex,Tanguay,1,0,0,0,1
8475749,Christian,Thomas,1,0,0,1,0
8473426,Mike,Weber,0,0,0,0,1
8470222,James,Wisniewski,0,0,0,1,0
8470169,Gregory,Campbell,1,0,0,0,1
8470877,David,Jones,1,0,0,1,0
8478393,Kyle,Baun,1,0,0,1,0
8477902,Dennis,Everberg,1,0,0,0,1
8470317,Nate,Guenin,0,0,0,1,0
8477914,Roman ,Will,0,0,1,0,1
8467514,Pavel,Datsyuk,1,0,0,0,1
8475756,John,McFarland,1,0,0,1,0
8470729,Tyson,Strachan,0,0,0,1,0
8475782,Morgan,Ellis,0,0,0,1,0
8474570,Cody,Hodgson,1,0,0,1,0
8471862,Colin,Greening,1,0,0,0,1
8477427,Tobias,Lindberg,1,0,0,0,1
8470207,Joffrey,Lupul,1,0,0,1,0
8474646,Brandon,McMillan,1,0,0,0,1
8476868,Henrik,Samuelsson,1,0,0,1,0
8475732,Danny,Biega,0,0,0,1,0
8470065,Ryan,Craig,1,0,0,0,1
8471299,Peter,Regin,1,0,0,0,1
8471326,Patrick,Bordeleau,1,0,0,0,1
8473700,Ryan,Wilson,0,0,0,0,1
8469457,Stephen,Weiss,1,0,0,0,1
8475781,Tyler,Bunz,0,0,1,0,1
8476839,Viktor,Fasth,0,0,1,0,1
8470839,Shane,O'Brien,0,0,0,0,1
8477059,Damien,Brunner,1,0,0,1,0
8466339,Scott,Clemmensen,0,0,1,0,1
8475342,Oliver,Lauridsen,0,0,0,0,1
8474748,Andrew,MacWilliam,0,0,0,0,1
8469483,David,Steckel,1,0,0,0,1
8473953,Derek,Smith,0,0,0,0,1
8469992,Sheldon,Brookbank,0,0,0,1,0
8470280,Ben,Eager,1,0,0,0,1
8475637,Bobby,Butler,1,0,0,1,0
8460492,Ed,Jovanovski,0,0,0,0,1
8476411,Jonathan,Racine,0,0,0,0,1
8474939,Mark,Van Guilder,1,0,0,1,0
8475640,Erik,Gustafsson,0,0,0,0,1
8470713,Paul,Bissonnette,1,0,0,0,1
8471428,Pierre-Luc,Letourneau-Leblond,1,0,0,0,1
8468485,Raffi,Torres,1,0,0,0,1
8474201,Pierre-Cedric,Labrie,1,0,0,0,1
8475275,Patrick,Wey,0,0,0,1,0
8470704,Jamie,Tardif,1,0,0,1,0
8462033,Wade,Redden,0,0,0,0,1
8473610,Bobby,Sanguinetti,0,0,0,1,0
8467543,Toby,Petersen,1,0,0,0,1
8467478,Kent,Huskins,0,0,0,0,1
8468481,Rick,DiPietro,0,0,1,1,0
8458938,Roman,Hamrlik,0,0,0,0,1
8468172,Ruslan,Fedotenko,1,0,0,0,1
8474892,Eric,Wellwood,1,0,0,0,1
8468534,Andreas,Lilja,0,0,0,0,1
8474032,Nick,Petrecki,0,0,0,0,1
8468434,Andy,McDonald,1,0,0,0,1
8471810,Derek,Joslin,0,0,0,0,1
8467353,Nik,Antropov,1,0,0,0,1
8471451,Aaron,Gagnon,1,0,0,1,0
8465012,Tom,Poti,0,0,0,0,1
8470661,Jean-Francois,Jacques,1,0,0,0,1
8474045,Zach,Hamill,1,0,0,1,0
8465056,Trent,Whitfield,1,0,0,0,1
8469582,Colin,Stuart,1,0,0,0,1
8474500,Derek,Whitmore,1,0,0,0,1
8471261,Dane,Byers,1,0,0,0,1
8474057,Allen,York,0,0,1,0,1
8468510,Jeff,Taffe,1,0,0,0,1
8471229,Petteri,Nokelainen,1,0,0,1,0
8460465,Petr,Sykora,1,0,0,0,1
8470687,Zack,Stortini,1,0,0,1,0
8471483,Kyle,Wilson,1,0,0,1,0
8469684,Milan,Jurcina,0,0,0,1,0
8458541,Steve,Staios,0,0,0,1,0
8468224,Sean,Avery,1,0,0,0,1
8475603,Ben,Holmstrom,1,0,0,1,0
8474631,Marc-Andre,Bourdon,0,0,0,0,1
8468213,Jim,Vandermeer,0,0,0,0,1
8460806,Dwayne,Roloson,0,0,1,0,1
8470697,Philippe,Dupuis,1,0,0,1,0
8471419,Mark,Mancari,1,0,0,1,0
8473459,Arturs,Kulda,0,0,0,0,1
8474383,Joel,Rechlicz,1,0,0,1,0
8460556,Freddy,Modin,1,0,0,0,1
8470996,Danny,Syvret,0,0,0,0,1
8462118,Marc,Savard,1,0,0,0,1
8459427,Rob,Niedermayer,1,0,0,0,1
8466035,Sergei,Samsonov,1,0,0,1,0
8465170,Fernando,Pisani,1,0,0,0,1
8467519,Karlis,Skrastins,0,0,0,0,1
8470086,Joe,Callahan,0,0,0,1,0
8459462,Bryan,McCabe,0,0,0,0,1
8474114,Oscar,Moller,1,0,0,1,0
8474557,Anssi,Salmela,0,0,0,0,1
8474154,Andreas,Thuresson,1,0,0,1,0
8471728,Brodie,Dupont,1,0,0,0,1
8466212,Francis,Lessard,1,0,0,1,0
8471413,Mike,Vernace,0,0,0,0,1
8471696,Matt,Lashoff,0,0,0,0,1
8469584,Joel,Perrault,1,0,0,1,0
